-- phpMyAdmin SQL Dump
-- version 4.9.4
-- https://www.phpmyadmin.net/
--
-- Host: localhost:3306
-- Generation Time: Apr 10, 2021 at 12:06 PM
-- Server version: 5.6.49-cll-lve
-- PHP Version: 7.3.6

SET SQL_MODE = "NO_AUTO_VALUE_ON_ZERO";
SET AUTOCOMMIT = 0;
START TRANSACTION;
SET time_zone = "+00:00";


/*!40101 SET @OLD_CHARACTER_SET_CLIENT=@@CHARACTER_SET_CLIENT */;
/*!40101 SET @OLD_CHARACTER_SET_RESULTS=@@CHARACTER_SET_RESULTS */;
/*!40101 SET @OLD_COLLATION_CONNECTION=@@COLLATION_CONNECTION */;
/*!40101 SET NAMES utf8mb4 */;

--
-- Database: `sam_rsvp`
--

-- --------------------------------------------------------

--
-- Table structure for table `categories`
--

CREATE TABLE `categories` (
  `cat_id` int(11) NOT NULL,
  `cat_name` varchar(30) NOT NULL
) ENGINE=MyISAM DEFAULT CHARSET=utf8mb4;

--
-- Dumping data for table `categories`
--

INSERT INTO `categories` (`cat_id`, `cat_name`) VALUES
(1, 'Spices'),
(2, 'Fresh Veg'),
(3, 'Grain/Flour'),
(4, 'Nuts'),
(5, 'Oils'),
(6, 'Frozens'),
(7, 'Sauces'),
(8, 'Dairy'),
(9, 'Meat'),
(10, 'Misc'),
(0, 'Standard');

-- --------------------------------------------------------

--
-- Table structure for table `ingredient_master`
--

CREATE TABLE `ingredient_master` (
  `ingredient_id` int(11) NOT NULL,
  `ingredient_name` varchar(100) NOT NULL,
  `store_id` varchar(30) NOT NULL,
  `default_uom` varchar(30) NOT NULL,
  `default_price` float(10,2) NOT NULL,
  `ing_comment` varchar(300) NOT NULL,
  `isBulk` tinyint(4) NOT NULL,
  `added_by` varchar(100) NOT NULL,
  `time_added` datetime NOT NULL DEFAULT CURRENT_TIMESTAMP,
  `cat_id` varchar(3) NOT NULL
) ENGINE=InnoDB DEFAULT CHARSET=utf8mb4;

--
-- Dumping data for table `ingredient_master`
--

INSERT INTO `ingredient_master` (`ingredient_id`, `ingredient_name`, `store_id`, `default_uom`, `default_price`, `ing_comment`, `isBulk`, `added_by`, `time_added`, `cat_id`) VALUES
(1, 'Onions', '4', 'pcs', 0.50, '', 1, '', '2020-12-19 00:00:00', '0'),
(2, 'Tomatoes', '4', 'pcs', 0.50, '', 1, '', '2020-12-19 00:00:00', ' '),
(4, 'Garlic Paste', '2', 'bottles', 1.00, '', 1, '', '2020-12-19 00:00:00', '00'),
(5, 'Oil', '3', '0', 5.69, '', 1, '', '0000-00-00 00:00:00', '5'),
(8, 'Black Daal', '2', 'lbs', 2.25, '', 1, '', '0000-00-00 00:00:00', '3'),
(9, 'Ginger Paste', '2', 'bottles', 5.50, '', 1, '', '0000-00-00 00:00:00', '00'),
(10, 'Rice', '9', 'cups', 0.20, '', 1, '', '0000-00-00 00:00:00', '00'),
(11, 'Ginger Fresh', '6', 'pcs', 0.50, '', 0, '', '0000-00-00 00:00:00', '00'),
(12, 'Garlic Fresh lasan', '6', 'lbs', 1.99, '', 0, '', '0000-00-00 00:00:00', '00'),
(13, 'Chicken', '8', 'lbs', 4.50, '', 1, '', '0000-00-00 00:00:00', '9'),
(14, 'Goat Meat', '8', 'lbs', 9.50, '', 1, '', '0000-00-00 00:00:00', '9'),
(15, 'Mince Meat', '8', 'lbs', 5.50, '', 1, '', '0000-00-00 00:00:00', '9'),
(16, 'Shanks', '4', 'box', 24.00, '', 1, '', '0000-00-00 00:00:00', '9'),
(17, 'Cherry Tomatoes', '1', 'box', 7.50, '', 0, '', '0000-00-00 00:00:00', '2'),
(18, 'Eggs', '1', 'pcs', 0.00, '', 0, '', '2020-12-26 00:30:29', '9'),
(19, 'Heavy Whipping cream', '1', 'box', 7.00, '', 0, '', '2020-12-26 00:31:29', '8'),
(21, 'Vata Patra', '6', 'box', 0.00, '', 0, '', '2021-01-16 11:29:17', '6'),
(22, 'Birishta', '6', 'packets', 5.99, '', 1, '', '2021-01-16 11:29:17', '0'),
(23, 'Tomato Sauce', '1', 'big bottle', 3.49, '', 0, '', '2021-01-16 11:30:11', '7'),
(24, 'Curry Leaves - Kari patta', '9', 'packets', 0.99, '', 1, '', '2021-01-16 11:30:11', '0'),
(25, 'Daal - Masoor', '4', 'lbs', 1.25, '', 1, '', '2021-01-16 11:37:51', '3'),
(26, 'Daal - Toor', '2', 'cups', 1.25, '', 1, '', '2021-01-16 11:37:51', '3'),
(27, 'Daal - Orange', '2', 'lbs', 1.25, '', 1, '', '2021-01-16 11:38:23', '3'),
(28, 'Chillies - Jalapeno ', '6', 'pcs', 0.00, '', 0, '', '2021-01-16 11:38:23', '1'),
(29, 'Coriander Leaves, (Kotmir, Cilantro)', '6', 'bundles', 0.39, '', 0, '', '2021-01-16 11:39:18', '00'),
(30, 'Chilles -Small Indian , Thai', '6', 'pcs', 0.00, '', 0, '', '2021-01-16 11:39:18', '1'),
(32, 'Yogurt', '3', 'lbs', 1.00, '', 1, '', '2021-02-25 12:32:41', '0'),
(33, 'Green  Onions', '6', 'bunches', 0.00, '', 0, '', '2021-01-16 16:19:09', '2'),
(34, 'Bell Pepper - Green', '6', 'pcs', 0.50, '', 0, '', '2021-01-16 16:19:09', '2'),
(37, 'Butter', '3', 'box', 2.00, '', 1, '', '2021-01-16 16:19:58', '5'),
(39, 'Vinegar', '1', 'bottle', 0.00, '', 1, '', '2021-01-16 16:20:30', '7'),
(40, 'Bell Pepper - Yellow', '6', 'pcs', 1.00, '', 0, '', '2021-01-16 16:20:30', '2'),
(41, 'Low Sodium Soy sauce', '1', 'bottle', 0.00, '', 0, '', '2021-01-16 16:21:18', '7'),
(42, 'Carrot and Peas', '6', 'lbs', 0.69, '', 0, '', '2021-01-16 16:21:18', '6'),
(44, 'Green Chilli sauce', '6', 'pcs', 0.00, '', 0, '', '2021-01-16 16:21:59', '7'),
(45, 'Sour Cream', '1', 'lbs', 0.00, '', 0, '', '2021-01-16 16:22:53', '8'),
(46, 'Maggie Chicken Cubes', '8', 'pcs', 0.00, '', 0, '', '2021-01-16 16:22:53', '1'),
(47, 'Daal - Urad', '2', 'lbs', 1.25, '', 1, '', '2021-01-16 16:41:14', '3'),
(48, 'Coriander seeds (Akha Dhana)', '2', 'packet', 0.00, '', 1, '', '2021-01-16 16:41:14', '1'),
(50, 'Jeeru ( Cumin)', '2', 'lbs', 3.50, '', 1, '', '2021-01-16 16:41:31', '1'),
(51, 'Haleem Wheat', '2', 'lbs', 3.00, '', 1, '', '2021-01-16 16:50:03', '3'),
(52, 'Shan Haleem Masala', '2', 'packets', 1.49, '', 1, '', '2021-01-16 16:50:28', '1'),
(53, 'Sesame Oil', '1', 'bottle', 0.00, '', 0, '', '2021-01-16 16:51:52', '5'),
(54, 'Cabbage', '6', 'pcs', 0.00, '', 0, '', '2021-01-16 16:52:19', '2'),
(55, 'Oil Half Bottle', '3', 'bottle', 0.00, '', 1, '', '2021-01-16 17:56:49', '00'),
(56, 'Potatoes', '1', 'lbs', 0.80, '', 0, '', '2021-01-17 11:45:10', '0'),
(57, 'Paneer', '6', 'lbs', 5.00, '', 0, '', '2021-01-17 11:46:11', '8'),
(58, 'Milk', '1', 'cans', 3.29, '', 0, '', '2021-01-17 11:52:07', '8'),
(59, 'Chillies - Big Green ', '6', 'pcs', 0.00, '', 0, '', '2021-01-17 11:59:07', '1'),
(60, 'Ketchup', '1', 'bottles', 0.00, '', 0, '', '2021-01-17 11:59:46', '7'),
(61, 'Cashew pieces', '6', 'lbs', 5.99, '', 0, '', '2021-01-17 12:00:24', '4'),
(62, 'Cauliflower (gobhi)', '6', 'pcs', 1.29, '', 0, '', '2021-01-17 12:01:04', '2'),
(63, 'Kasoori Methi', '6', 'packet', 0.00, '', 0, '', '2021-01-17 12:03:18', '1'),
(64, 'All Dry Masalas', '2', 'bottle', 0.00, '', 1, '', '2021-01-17 12:03:57', '00'),
(65, 'Mint leaves - Phudina', '6', 'bunches', 0.80, '', 0, '', '2021-01-17 12:04:36', '2'),
(66, 'Besan', '2', 'lbs', 1.00, '', 1, '', '2021-01-23 12:31:59', '3'),
(67, 'Potatoes - Red', '1', 'lbs', 0.90, '', 0, '', '2021-01-23 12:36:37', ' '),
(68, 'Maggie Tomato Ketchup', '6', 'bottles', 4.79, '', 0, '', '2021-01-23 12:38:42', '7'),
(69, 'Shan Chat Masala', '6', 'packets', 0.00, '', 0, '', '2021-01-23 12:39:06', '1'),
(70, 'Cashews', '6', 'lbs', 3.00, '', 1, '', '2021-01-23 12:40:52', '4'),
(71, 'Chillies - Anaheim', '6', 'pcs', 0.00, '', 0, '', '2021-01-23 12:56:28', '1'),
(72, 'Coconut milk', '4', 'big can', 8.10, '', 1, '', '2021-01-23 12:57:30', '7'),
(73, 'Maida', '6', 'lbs', 1.00, '', 0, '', '2021-01-23 12:58:14', '3'),
(74, 'Wheat Flour', '6', 'lbs', 1.10, 'Aato', 0, '', '2021-01-23 12:58:55', '3'),
(75, 'Lemons', '9', 'pcs', 0.00, '', 1, '', '2021-01-23 12:59:25', '0'),
(76, 'Condensed Milk', '1', 'big can', 7.49, '', 0, '', '2021-01-23 13:13:28', '8'),
(77, 'Pineapple Tidbits', '1', 'big can', 0.00, '', 0, '', '2021-01-23 13:23:38', '10'),
(78, 'Walnuts', '6', 'lbs', 0.00, '', 0, '', '2021-01-23 14:14:43', '4'),
(79, 'Pineapple Jello', '6', 'packets', 0.00, '', 0, '', '2021-01-23 14:15:06', '10'),
(80, 'Elbow macaroni', '1', 'packets', 0.00, '', 0, '', '2021-01-23 14:15:41', '10'),
(81, 'Cream of mushroom soup', '1', 'big can', 0.00, '', 0, '', '2021-01-23 14:16:43', '7'),
(82, 'Cream of Tomato soup', '1', 'big can', 0.00, '', 0, '', '2021-01-23 14:17:09', '7'),
(83, 'Frozen frenchcut beans', '1', 'lbs', 0.00, '', 0, '', '2021-01-23 14:18:34', '6'),
(84, 'Pulao Masala', '6', 'packets', 0.00, '', 0, '', '2021-01-23 14:19:21', '1'),
(85, 'Broccoli', '1', 'lbs', 2.00, '', 0, '', '2021-01-23 14:20:11', '2'),
(86, 'Mushrooms', '1', 'lbs', 3.00, '', 0, '', '2021-01-23 14:20:32', '2'),
(87, 'Parsley', '1', 'bunches', 1.20, '', 0, '', '2021-01-23 14:22:42', '10'),
(88, 'Parmesan Cheese', '1', 'packets', 0.00, '', 0, '', '2021-01-23 14:23:40', '10'),
(89, 'Alfredo Sauce', '1', 'bottles', 0.00, '', 0, '', '2021-01-23 14:24:04', '7'),
(90, 'Rai', '6', 'gms', 0.00, '', 0, '', '2021-01-23 15:07:37', '1'),
(91, 'Methi', '6', 'gms', 0.00, '', 0, '', '2021-01-23 15:07:59', '1'),
(92, 'Dhana', '6', 'gms', 0.00, '', 0, '', '2021-01-23 15:08:59', '1'),
(93, 'Chillies - Dry Red', '2', 'gms', 0.00, '', 1, '', '2021-01-23 15:09:38', '1'),
(94, 'Fresh Bhinda', '6', 'lbs', 0.00, '', 0, '', '2021-01-23 15:11:13', '2'),
(95, 'Amchur Powder', '6', 'packets', 0.00, '', 0, '', '2021-01-23 15:11:42', '1'),
(96, 'Daal Fry Masalo', '6', 'packets', 0.00, '', 0, '', '2021-01-23 15:12:57', '1'),
(97, 'Oregano', '1', 'big bottle', 0.00, '', 0, '', '2021-01-23 15:22:37', '1'),
(98, 'Saffron', '6', 'gms', 0.00, '', 0, '', '2021-01-23 15:23:15', '10'),
(99, 'Aluminum tray', '3', 'pcs', 0.70, '', 1, '', '2021-01-23 15:23:43', '10'),
(100, 'Bell Pepper - Orange', '1', 'pcs', 0.00, '', 0, '', '2021-01-23 15:26:03', '2'),
(101, 'Fennel Seeds - Sauf', '6', 'gms', 0.00, '', 0, '', '2021-01-23 15:38:31', '1'),
(102, 'Charmagaz ', '6', 'gms', 0.03, '', 0, '', '2021-01-23 15:39:04', '1'),
(103, 'Tamarind - seedless', '6', 'packets', 0.00, '', 0, '', '2021-01-23 15:39:46', '7'),
(104, 'Mustard seeds', '6', 'gms', 0.00, '', 0, '', '2021-01-23 15:49:11', '1'),
(105, 'Kalonji seeds', '6', 'gms', 0.00, '', 0, '', '2021-01-23 15:50:34', '1'),
(106, 'Peanuts', '6', 'gms', 0.00, '', 0, '', '2021-01-23 15:51:13', '4'),
(107, 'Coconut - dry grated', '6', 'gms', 0.00, '', 0, '', '2021-01-23 15:53:14', '1'),
(108, 'Sesame seeds', '6', 'gms', 0.00, '', 0, '', '2021-01-23 15:54:09', '1'),
(109, 'Frozen corn seeds', '6', 'lbs', 0.00, '', 0, '', '2021-01-24 11:02:50', '6'),
(110, 'Mashed Potatoes box', '1', 'box', 0.00, '', 0, '', '2021-01-24 11:06:54', '10'),
(111, 'Garlic Salt', '1', 'bottles', 0.00, '', 0, '', '2021-01-24 11:07:19', '10'),
(112, 'Lemon Pepper', '1', 'bottles', 19.99, 'Also called Lemon and Herb Seasoning', 0, '', '2021-01-24 11:07:40', '10'),
(113, 'Worchester sauce', '1', 'bottles', 0.00, '', 0, '', '2021-01-24 11:08:03', '7'),
(114, 'Half and Half', '1', 'box', 5.39, '', 0, '', '2021-01-24 11:08:35', '8'),
(115, 'All Purpose flour', '1', 'lbs', 0.00, '', 0, '', '2021-01-24 11:14:43', '3'),
(116, 'Dark Soy Sauce', '6', 'bottles', 1.79, '', 0, '', '2021-01-30 20:28:23', '7'),
(117, 'Broccoli Florets cut', '1', 'lbs', 0.00, '', 0, '', '2021-01-30 20:36:17', '2'),
(118, 'Hot Sauce Red', '1', 'bottles', 3.89, '', 0, '', '2021-01-30 20:36:59', '7'),
(119, 'Corn Starch', '1', 'packets', 1.79, '', 0, '', '2021-01-30 20:37:56', '3'),
(120, 'Tri Color Cole Slaw', '1', 'lbs', 0.00, '', 0, '', '2021-01-30 20:41:39', '2'),
(121, 'Daal - Moong Chiltawali', '2', 'lbs', 0.00, '', 0, '', '2021-01-30 20:59:44', '3'),
(122, 'Shan Bombay Biryani Masala', '2', 'box', 0.00, '', 0, '', '2021-01-30 21:06:22', '1'),
(123, 'Sooji', '6', 'lbs', 1.00, '', 0, '', '2021-01-30 21:07:49', '3'),
(124, 'Evaporated Milk', '1', 'cans', 0.00, '', 0, '', '2021-01-30 21:08:10', '8'),
(125, 'Gundar', '6', 'packets', 2.24, '', 0, '', '2021-01-30 21:08:42', '10'),
(126, 'Almond Flakes', '3', 'lbs', 3.70, '', 0, '', '2021-01-30 21:09:15', '4'),
(127, 'Raisins', '6', 'lbs', 3.49, '', 0, '', '2021-01-30 21:09:43', '10'),
(128, 'Milk Powder Nido', '6', 'box', 5.00, '', 0, '', '2021-01-30 21:10:26', '8'),
(129, 'Shan Aachi Karahi Masala', '6', 'box', 0.00, '', 0, '', '2021-01-30 21:11:04', '1'),
(130, 'Gol', '6', 'lbs', 1.80, '', 0, '', '2021-01-30 21:11:36', '10'),
(131, 'Pistachios', '6', 'lbs', 9.99, '', 0, '', '2021-01-30 21:15:49', '4'),
(132, 'Ghee', '6', 'lbs', 19.00, '', 0, '', '2021-01-30 21:16:51', '5'),
(133, 'Gol - Powder', '6', 'lbs', 0.00, '', 0, '', '2021-01-30 22:51:20', '10'),
(134, 'Almonds', '3', 'lbs', 4.50, '', 1, '', '2021-01-30 22:52:58', '4'),
(135, 'Celery', '1', 'bunches', 1.20, '', 0, '', '2021-01-30 23:00:32', '2'),
(136, 'Cream Style Corn', '1', 'big can', 7.39, '', 0, '', '2021-01-30 23:01:06', '7'),
(138, 'Shan Karahi Masala', '6', 'box', 1.49, '', 0, '', '2021-01-30 23:16:13', '1'),
(140, 'Garam Masala', '6', 'packets', 0.00, '', 0, '', '2021-01-30 23:18:09', '1'),
(141, 'Chilli - Kashmiri Red', '6', 'packets', 0.00, '', 0, '', '2021-01-30 23:18:41', '1'),
(142, 'Daal - Akha Moong', '6', 'lbs', 1.25, '', 0, '', '2021-01-31 16:18:34', '3'),
(143, 'Shan Achari Gosh Masala', '6', 'box', 1.49, '', 0, '', '2021-01-31 16:19:10', '1'),
(144, 'Bay Leaves', '2', 'gms', 0.00, '', 1, '', '2021-01-31 16:19:39', '1'),
(145, 'Sugar', '3', 'lbs', 0.50, '', 1, '', '2021-01-31 16:23:04', '10'),
(146, 'Frozen Guvar', '6', 'lbs', 1.65, '', 0, '', '2021-01-31 17:20:21', '6'),
(147, 'Frozen Green Peas', '6', 'lbs', 1.10, '', 0, '', '2021-01-31 17:21:36', '6'),
(148, 'Dudhi', '6', 'pcs', 0.00, '', 0, '', '2021-01-31 17:22:02', '2'),
(149, 'Eggplant - Mini (Baigan)', '6', 'pcs', 0.00, '', 0, '', '2021-01-31 17:22:27', '2'),
(150, 'Frozen Tindora', '6', 'lbs', 2.49, '', 0, '', '2021-01-31 17:25:20', '6'),
(151, 'Shahjeera', '6', 'gms', 0.00, '', 0, '', '2021-02-07 10:17:24', '1'),
(153, 'Chillies - dried red round', '2', 'gms', 0.00, '', 1, '', '2021-02-07 10:20:31', '1'),
(154, 'Star Anise Kaari Phool', '2', 'gms', 0.00, '', 1, '', '2021-02-07 10:21:01', '1'),
(155, 'Green Beans Fresh', '6', 'lbs', 1.69, '', 0, '', '2021-02-07 10:21:41', '2'),
(156, 'Dalia Roasted', '6', 'lbs', 0.00, '', 0, '', '2021-02-07 10:22:12', '3'),
(158, 'Black Pepper', '6', 'gms', 0.00, '', 0, '', '2021-02-07 10:37:42', '1'),
(161, 'Bread Sliced', '1', 'packets', 0.00, '', 0, '', '2021-02-07 13:59:38', '3'),
(162, 'Frozen Palidu sing', '6', 'packets', 0.00, '', 0, '', '2021-02-07 14:00:24', '6'),
(163, 'Shan White Korma Masala', '6', 'packets', 0.00, '', 0, '', '2021-02-07 14:03:10', '1'),
(165, 'Cardamom Powder', '6', 'gms', 0.09, '', 0, '', '2021-02-07 14:04:43', '1'),
(166, 'Rose Water', '6', 'bottles', 2.00, '', 0, '', '2021-02-07 14:05:18', '10'),
(167, 'Kokam', '6', 'packets', 0.00, '', 0, '', '2021-02-07 14:06:24', '1'),
(169, 'Bell pepper - Red', '6', 'pcs', 0.70, '', 0, '', '2021-02-07 14:20:50', '2'),
(170, 'Mango Flavored crystal jelly', '6', 'packets', 0.00, '', 0, '', '2021-02-13 12:51:20', '10'),
(171, 'Custard Powder', '6', 'packets', 2.24, '', 0, '', '2021-02-13 12:53:06', '10'),
(172, 'Carrots Fresh', '6', 'lbs', 0.00, '', 0, '', '2021-02-13 12:53:42', '2'),
(174, 'Orange and Yellow Bell Pepper', '0', '0', 0.00, '', 0, '', '2021-02-13 13:17:10', '0'),
(175, 'Frozen Green Beans', '6', 'lbs', 0.00, '', 0, '', '2021-02-13 13:23:03', '6'),
(176, 'Can of Black Beans', '1', 'big can', 0.00, '', 0, '', '2021-02-13 14:04:53', '10'),
(177, 'Can of Stewed Tomatoes', '1', 'big can', 0.00, '', 0, '', '2021-02-13 14:05:26', '10'),
(178, 'Tomato Paste', '1', 'bottles', 0.00, '', 0, '', '2021-02-13 14:07:37', '7'),
(179, 'Lime Lemon Juice', '1', 'bottles', 2.19, '', 0, '', '2021-02-13 14:08:50', '7'),
(180, 'Taco Seasoning', '1', 'packets', 0.00, '', 0, '', '2021-02-13 14:09:34', '10'),
(181, 'Chipotle sauce', '1', 'bottles', 0.00, '', 0, '', '2021-02-13 14:10:01', '7'),
(182, 'Shan Biryani Masala', '6', 'packets', 1.49, '', 0, '', '2021-02-15 07:29:50', '1'),
(183, 'Eggplant - Big (Baigan)', '6', 'pcs', 0.00, '', 0, '', '2021-02-15 07:34:33', '2'),
(184, 'Daal - Chana', '2', 'lbs', 0.00, '', 1, '', '2021-02-15 07:41:38', '3'),
(185, 'Frozen Corn on the cob', '1', 'pcs', 0.00, '', 0, '', '2021-02-15 17:13:45', '6'),
(186, 'Imli Paste', '6', 'bottles', 8.99, '', 0, '', '2021-02-19 15:04:23', '7'),
(187, 'Shan Chicken Tikka Masala', '6', 'packets', 0.00, '', 0, '', '2021-02-19 15:04:46', '1'),
(188, 'Shan Bihari kabab masala', '6', 'packets', 1.49, '', 0, '', '2021-02-19 15:05:17', '1'),
(189, 'Shan Nihari Masala', '6', 'packets', 1.49, '', 0, '', '2021-02-19 15:27:13', '1'),
(191, 'Asparagus', '1', 'bunches', 0.00, '', 0, '', '2021-02-19 15:34:39', '2'),
(192, 'Garlic powder', '1', 'bottles', 0.00, '', 0, '', '2021-02-19 15:36:06', '1'),
(193, 'Onion Powder', '1', 'bottles', 8.99, '', 0, '', '2021-02-19 15:36:35', '1'),
(194, 'Orange Jello crystals', '6', 'packets', 1.00, '', 0, '', '2021-02-19 15:39:08', '10'),
(195, 'Shan Yakni Pulao Masala', '6', 'packets', 0.00, '', 0, '', '2021-02-19 16:40:41', '1'),
(196, 'Frozen cut bhindi', '6', 'lbs', 0.00, '', 0, '', '2021-02-19 16:42:17', '6'),
(197, 'Kharak', '6', 'lbs', 0.00, '', 0, '', '2021-02-19 16:45:30', '10'),
(198, 'Roasted vermicilli', '6', 'packets', 3.49, '', 0, '', '2021-02-19 17:17:38', '10'),
(199, 'Grilled Chicken Seasoning', '1', 'bottles', 0.00, '', 0, '', '2021-02-19 20:47:23', '10'),
(200, 'Frozen white corn', '1', 'lbs', 1.10, '', 0, '', '2021-02-19 20:49:13', '6'),
(201, 'Bread Crumbs', '1', 'box', 3.99, '', 0, '', '2021-02-19 20:51:31', '3'),
(202, 'Shan Kofta Masala', '6', 'packets', 1.49, '', 0, '', '2021-02-19 20:52:00', '1'),
(203, 'Mango Pulp', '6', 'cans', 3.00, '', 0, '', '2021-02-19 21:04:58', '7'),
(204, 'Pound Cake', '3', 'packets', 0.00, '', 0, '', '2021-02-19 21:06:01', '10'),
(205, 'Spinach', '1', 'lbs', 0.00, '', 0, '', '2021-02-19 21:07:12', '2'),
(207, 'Orange juice', '1', 'cans', 2.99, '', 0, '', '2021-02-19 21:17:03', '10'),
(208, 'Gelatin', '6', 'packets', 0.00, '', 0, '', '2021-02-19 21:17:24', '10'),
(215, 'Paprika', '2', 'gms', 0.00, '', 1, '', '2021-02-25 12:54:59', '1'),
(216, 'Elaichi', '6', 'gms', 0.00, '', 0, '', '2021-02-25 12:57:08', '1'),
(217, 'Greek Yogurt', '1', 'lbs', 1.50, '', 0, '', '2021-02-25 13:12:08', '8'),
(218, 'Dill', '6', 'bunches', 1.29, '', 0, '', '2021-02-25 13:12:44', '2'),
(219, 'White Vinegar', '6', 'bottles', 2.59, '', 0, '', '2021-02-25 13:13:15', '10'),
(220, 'Dried Parsley', '1', 'bottles', 4.99, '', 0, '', '2021-02-25 13:14:09', '10'),
(223, 'Mayonnaise', '1', 'lbs', 2.69, '', 0, '', '2021-02-25 19:21:17', '8'),
(224, 'Ginger Powder', '6', 'packets', 0.00, '', 0, '', '2021-02-25 19:23:53', '10'),
(225, 'Cinnamon Powder', '6', 'bottles', 0.00, '', 0, '', '2021-02-25 19:25:39', '1'),
(226, 'Cayenne Powder', '1', 'bottles', 0.00, '', 0, '', '2021-02-25 19:26:39', '10'),
(227, 'Sadaf Chicken Kabob seasoning', '8', 'packets', 2.99, '', 0, '', '2021-02-25 19:28:49', '1'),
(228, 'Sadaf Shish Kabob Seasoning', '8', 'packets', 2.99, '', 0, '', '2021-02-25 19:29:12', '1'),
(229, 'Laddoo Besan', '6', 'lbs', 0.00, '', 0, '', '2021-02-26 20:53:29', '10'),
(230, 'Sugar - Confectioners', '1', 'lbs', 0.80, '', 0, '', '2021-02-26 20:53:54', '10'),
(231, 'Crisco Ghee', '1', 'packets', 0.00, '', 0, '', '2021-02-26 20:57:16', '10'),
(232, 'Daal - Moong', '2', 'lbs', 1.25, '', 1, '', '2021-02-26 21:01:31', '3'),
(233, 'Shan Tandoori chicken masala', '6', 'packets', 1.49, '', 0, '', '2021-02-28 12:16:01', '1'),
(234, 'Mint chutney', '6', 'packets', 2.49, '', 0, '', '2021-02-28 12:17:35', '10'),
(235, 'Ranch Seasoning', '3', 'bottles', 0.00, '', 0, '', '2021-03-02 14:23:37', '10'),
(236, 'Fruit Cocktail Cans', '1', 'big can', 7.99, '', 0, '', '2021-03-06 12:03:28', '10'),
(237, 'Chowmein Noodles', '1', 'packets', 4.49, '', 0, '', '2021-03-06 12:04:01', '10'),
(238, 'Shredded Cabbage', '1', 'lbs', 1.00, '', 0, '', '2021-03-06 12:08:13', '2'),
(239, 'Shan Pau Bhaaji masala', '6', 'packets', 0.00, '', 0, '', '2021-03-06 12:24:17', '1'),
(240, 'Maggie Coconut Powder', '6', 'packets', 0.00, '', 0, '', '2021-03-06 12:37:17', '7'),
(241, 'Drumsticks - Fresh', '6', 'packets', 0.00, '', 0, '', '2021-03-07 17:16:01', '2'),
(242, 'Maggie Coconut Powder	', '6', 'packets', 5.00, '', 0, '', '2021-03-20 13:09:50', '8'),
(243, 'Amul Butter', '6', 'box', 8.49, '', 0, '', '2021-03-20 13:17:19', '8'),
(245, 'Green Onions', '6', 'bunches', 1.19, '', 0, '', '2021-03-21 18:47:37', '2'),
(246, 'Strawberries', '1', 'lbs', 0.00, '', 0, '', '2021-04-04 13:14:15', '2'),
(247, 'Black Chana', '6', 'lbs', 0.00, '', 0, '', '2021-04-04 13:34:20', '3');

-- --------------------------------------------------------

--
-- Table structure for table `recipe_detail`
--

CREATE TABLE `recipe_detail` (
  `recipe_id` int(11) NOT NULL,
  `ingredient_id` int(11) NOT NULL,
  `qty` decimal(11,2) NOT NULL,
  `uom` varchar(30) NOT NULL,
  `price` float(10,2) NOT NULL,
  `det_comment` varchar(300) NOT NULL,
  `time_added` datetime NOT NULL DEFAULT CURRENT_TIMESTAMP,
  `time_updated` datetime NOT NULL DEFAULT CURRENT_TIMESTAMP,
  `det_id` int(11) NOT NULL
) ENGINE=InnoDB DEFAULT CHARSET=utf8mb4;

--
-- Dumping data for table `recipe_detail`
--

INSERT INTO `recipe_detail` (`recipe_id`, `ingredient_id`, `qty`, `uom`, `price`, `det_comment`, `time_added`, `time_updated`, `det_id`) VALUES
(40, 25, 10.00, 'cups', 0.00, '', '2021-01-16 11:55:44', '2021-01-16 11:55:44', 119),
(40, 26, 10.00, 'cups', 0.00, '', '2021-01-16 11:55:44', '2021-01-16 11:55:44', 120),
(40, 1, 8.00, 'pcs', 1.00, '', '2021-01-16 11:59:30', '2021-01-16 11:59:30', 121),
(40, 31, 0.00, '', 0.00, '', '2021-01-16 11:59:30', '2021-01-16 11:59:30', 122),
(40, 24, 2.00, 'packets', 0.00, '', '2021-01-16 12:01:59', '2021-01-16 12:01:59', 123),
(40, 12, 2.00, 'packets', 3.50, '', '2021-01-16 12:01:59', '2021-01-16 12:01:59', 125),
(40, 29, 3.00, 'bunches', 0.00, '', '2021-01-16 12:02:14', '2021-01-16 12:02:14', 126),
(40, 28, 6.00, 'pcs', 0.00, '', '2021-01-16 12:05:49', '2021-01-16 12:05:49', 128),
(40, 2, 30.00, 'box', 0.50, '', '2021-01-16 12:07:19', '2021-01-16 12:07:19', 129),
(40, 10, 20.00, 'cups', 0.20, '', '2021-01-16 12:08:22', '2021-01-16 12:08:22', 131),
(41, 21, 25.00, 'box', 0.00, '', '2021-01-16 12:18:46', '2021-01-16 12:18:46', 132),
(41, 22, 4.00, 'packets', 0.00, '', '2021-01-16 12:18:46', '2021-01-16 12:18:46', 133),
(41, 24, 2.00, 'packets', 0.00, '', '2021-01-16 12:18:46', '2021-01-16 12:18:46', 134),
(41, 2, 20.00, 'pcs', 0.50, '', '2021-01-16 12:18:46', '2021-01-16 12:18:46', 135),
(41, 12, 1.00, 'packets', 3.50, '', '2021-01-16 12:18:46', '2021-01-16 12:18:46', 136),
(41, 23, 1.00, 'Big can', 0.00, '', '2021-01-16 12:18:46', '2021-01-16 12:18:46', 137),
(41, 9, 1.00, 'bottles', 5.50, '', '2021-01-16 12:18:46', '2021-01-16 12:18:46', 138),
(41, 32, 4.00, 'lbs', 0.00, '', '2021-01-16 12:21:14', '2021-01-16 12:21:14', 139),
(42, 18, 24.00, 'pcs', 0.75, '', '2021-01-16 16:27:49', '2021-01-16 16:27:49', 140),
(42, 39, 1.00, 'bottles', 0.00, '', '2021-01-16 16:27:49', '2021-01-16 16:27:49', 141),
(42, 41, 1.00, 'bottles', 0.00, '', '2021-01-16 16:27:49', '2021-01-16 16:27:49', 142),
(42, 44, 1.00, 'big bottle', 0.00, '', '2021-01-16 16:27:49', '2021-01-16 16:27:49', 143),
(42, 42, 6.00, 'lbs', 0.69, '', '2021-01-16 16:27:49', '2021-01-16 16:27:49', 144),
(42, 36, 10.00, 'pcs', 0.00, '', '2021-01-16 16:27:49', '2021-01-16 16:27:49', 145),
(42, 40, 6.00, 'pcs', 1.00, '', '2021-01-16 16:27:49', '2021-01-16 16:27:49', 146),
(42, 38, 15.00, 'pcs', 0.00, '', '2021-01-16 16:27:49', '2021-01-16 16:27:49', 147),
(42, 35, 9.00, 'bunches', 0.00, '', '2021-01-16 16:27:49', '2021-01-16 16:27:49', 148),
(42, 34, 10.00, 'pcs', 0.50, '', '2021-01-16 16:27:49', '2021-01-16 16:27:49', 149),
(42, 46, 4.00, 'cubes', 0.50, '', '2021-01-16 16:27:49', '2021-01-16 16:27:49', 150),
(42, 37, 3.00, 'lbs', 2.00, '', '2021-01-16 16:33:50', '2021-01-16 16:33:50', 151),
(42, 11, 3.00, 'big pcs', 0.50, '', '2021-01-16 16:34:21', '2021-01-16 16:34:21', 152),
(42, 12, 1.00, 'kgs', 3.50, '', '2021-01-16 16:34:21', '2021-01-16 16:34:21', 153),
(45, 1, 30.00, 'pcs', 1.00, '', '2021-01-16 16:41:40', '2021-01-16 16:41:40', 154),
(45, 29, 8.00, 'bunches', 0.00, '', '2021-01-16 16:41:40', '2021-01-16 16:41:40', 155),
(45, 26, 10.00, 'lbs', 0.00, '', '2021-01-16 16:41:40', '2021-01-16 16:41:40', 156),
(45, 31, 0.00, '', 0.00, '', '2021-01-16 16:41:40', '2021-01-16 16:41:40', 157),
(45, 2, 25.00, 'pcs', 0.50, '', '2021-01-16 16:41:40', '2021-01-16 16:41:40', 158),
(45, 9, 1.00, 'bottles', 5.50, '', '2021-01-16 16:41:40', '2021-01-16 16:41:40', 159),
(45, 12, 1.00, 'packets', 3.50, '', '2021-01-16 16:41:40', '2021-01-16 16:41:40', 160),
(45, 50, 1.00, 'packets', 0.00, '', '2021-01-16 16:46:27', '2021-01-16 16:46:27', 161),
(45, 48, 1.00, 'packets', 0.00, '', '2021-01-16 16:46:27', '2021-01-16 16:46:27', 162),
(45, 24, 3.00, 'packets', 0.00, '', '2021-01-16 16:46:27', '2021-01-16 16:46:27', 163),
(45, 47, 6.00, 'lbs', 0.00, '', '2021-01-16 16:46:27', '2021-01-16 16:46:27', 164),
(45, 27, 6.00, 'lbs', 0.00, '', '2021-01-16 16:46:27', '2021-01-16 16:46:27', 165),
(45, 28, 10.00, 'pcs', 2.00, '', '2021-01-16 16:46:27', '2021-01-16 16:46:27', 166),
(44, 1, 20.00, 'pcs', 1.00, '', '2021-01-16 16:53:17', '2021-01-16 16:53:17', 167),
(44, 22, 2.00, 'packets', 0.00, '', '2021-01-16 16:53:17', '2021-01-16 16:53:17', 168),
(44, 25, 5.00, 'cups', 0.00, '', '2021-01-16 16:53:17', '2021-01-16 16:53:17', 169),
(44, 52, 6.00, 'packets', 0.00, '', '2021-01-16 16:53:17', '2021-01-16 16:53:17', 170),
(44, 51, 10.00, 'packets', 0.00, '', '2021-01-16 16:53:17', '2021-01-16 16:53:17', 171),
(44, 5, 1.00, 'bottles', 4.50, '', '2021-01-16 16:53:17', '2021-01-16 16:53:17', 172),
(40, 27, 5.00, 'cups', 0.00, '', '2021-01-16 16:57:10', '2021-01-16 16:57:10', 173),
(42, 53, 1.00, 'bottles', 0.00, '', '2021-01-17 08:25:12', '2021-01-17 08:25:12', 174),
(42, 54, 3.00, 'pcs', 1.50, '', '2021-01-17 08:25:57', '2021-01-17 08:25:57', 175),
(43, 1, 20.00, 'pcs', 1.00, '', '2021-01-17 12:06:35', '2021-01-17 12:06:35', 176),
(43, 58, 1.00, 'gallon', 0.00, '', '2021-01-17 12:06:35', '2021-01-17 12:06:35', 177),
(43, 56, 15.00, 'lbs', 0.00, '', '2021-01-17 12:06:35', '2021-01-17 12:06:35', 178),
(43, 2, 45.00, 'pcs', 0.50, '', '2021-01-17 12:06:35', '2021-01-17 12:06:35', 179),
(43, 19, 1.00, 'half gallon', 0.00, '', '2021-01-17 12:06:35', '2021-01-17 12:06:35', 180),
(43, 57, 15.00, 'lbs', 0.00, '', '2021-01-17 12:06:35', '2021-01-17 12:06:35', 181),
(43, 59, 15.00, 'pcs', 0.00, '', '2021-01-17 12:06:35', '2021-01-17 12:06:35', 182),
(43, 61, 2.00, 'lbs', 0.00, '', '2021-01-17 12:06:35', '2021-01-17 12:06:35', 183),
(43, 62, 5.00, 'pcs', 0.00, '', '2021-01-17 12:06:35', '2021-01-17 12:06:35', 184),
(43, 63, 1.00, 'packets', 0.00, '', '2021-01-17 12:06:35', '2021-01-17 12:06:35', 185),
(43, 64, 1.00, 'bottles', 0.00, '', '2021-01-17 12:06:35', '2021-01-17 12:06:35', 186),
(43, 65, 1.00, 'bunches', 0.00, '', '2021-01-17 12:06:35', '2021-01-17 12:06:35', 187),
(43, 5, 1.00, 'bottles', 4.50, '', '2021-01-17 12:06:35', '2021-01-17 12:06:35', 188),
(43, 12, 1.00, 'packets', 3.50, '', '2021-01-17 12:06:35', '2021-01-17 12:06:35', 189),
(43, 11, 1.00, 'lbs', 0.50, '', '2021-01-17 12:06:35', '2021-01-17 12:06:35', 190),
(43, 28, 15.00, 'pcs', 0.00, '', '2021-01-17 12:06:35', '2021-01-17 12:06:35', 191),
(43, 24, 2.00, 'packets', 0.00, '', '2021-01-17 12:06:35', '2021-01-17 12:06:35', 192),
(43, 60, 4.00, 'lbs', 0.00, '', '2021-01-17 12:10:22', '2021-01-17 12:10:22', 193),
(43, 34, 12.00, 'pcs', 0.00, '', '2021-01-17 12:11:20', '2021-01-17 12:11:20', 194),
(43, 42, 5.00, 'lbs', 0.00, '', '2021-01-17 12:12:58', '2021-01-17 12:12:58', 195),
(43, 29, 4.00, 'bunches', 0.00, '', '2021-01-17 12:14:35', '2021-01-17 12:14:35', 196),
(0, 24, 0.00, '', 0.00, '', '2021-01-23 12:32:48', '2021-01-23 12:32:48', 197),
(0, 9, 0.00, '', 0.00, '', '2021-01-23 12:32:48', '2021-01-23 12:32:48', 198),
(0, 66, 0.00, '', 0.00, '', '2021-01-23 12:32:48', '2021-01-23 12:32:48', 199),
(0, 8, 0.00, '', 0.00, '', '2021-01-23 12:32:48', '2021-01-23 12:32:48', 200),
(0, 32, 0.00, '', 0.00, '', '2021-01-23 12:32:48', '2021-01-23 12:32:48', 201),
(47, 24, 2.00, 'packet', 0.00, '', '2021-01-23 12:33:25', '2021-01-23 12:33:25', 202),
(47, 9, 1.00, 'bottles', 5.50, '', '2021-01-23 12:33:25', '2021-01-23 12:33:25', 203),
(47, 8, 10.00, 'lbs', 2.25, '', '2021-01-23 12:33:25', '2021-01-23 12:33:25', 204),
(47, 5, 1.00, 'bottles', 4.50, '', '2021-01-23 12:33:25', '2021-01-23 12:33:25', 205),
(47, 32, 20.00, 'lbs', 0.00, '', '2021-01-23 12:33:25', '2021-01-23 12:33:25', 206),
(47, 66, 4.00, 'lbs', 0.00, '', '2021-01-23 12:33:51', '2021-01-23 12:33:51', 207),
(46, 29, 6.00, 'bundles', 0.00, '', '2021-01-23 12:39:10', '2021-01-23 12:39:10', 208),
(46, 65, 6.00, 'bunches', 0.00, '', '2021-01-23 12:39:10', '2021-01-23 12:39:10', 209),
(46, 62, 6.00, 'pcs', 0.00, '', '2021-01-23 12:39:10', '2021-01-23 12:39:10', 210),
(46, 1, 15.00, 'pcs', 1.00, '', '2021-01-23 12:39:10', '2021-01-23 12:39:10', 211),
(46, 2, 25.00, 'pcs', 0.50, '', '2021-01-23 12:39:10', '2021-01-23 12:39:10', 212),
(46, 42, 12.00, 'lbs', 0.00, '', '2021-01-23 12:39:10', '2021-01-23 12:39:10', 213),
(46, 37, 1.00, 'box', 0.00, '', '2021-01-23 12:39:10', '2021-01-23 12:39:10', 214),
(46, 57, 15.00, 'lbs', 0.00, '', '2021-01-23 12:39:10', '2021-01-23 12:39:10', 215),
(46, 19, 1.00, 'half gallon', 0.00, '', '2021-01-23 12:39:10', '2021-01-23 12:39:10', 216),
(46, 69, 1.00, 'packets', 0.00, '', '2021-01-23 12:39:30', '2021-01-23 12:39:30', 217),
(46, 67, 15.00, 'lbs', 0.00, '', '2021-01-23 12:41:00', '2021-01-23 12:41:00', 218),
(46, 70, 3.00, 'lbs', 0.00, '', '2021-01-23 12:41:11', '2021-01-23 12:41:11', 219),
(46, 34, 15.00, 'pcs', 0.00, '', '2021-01-23 12:42:15', '2021-01-23 12:42:15', 220),
(46, 68, 1.00, 'bottles', 0.00, '', '2021-01-23 12:47:16', '2021-01-23 12:47:16', 221),
(48, 29, 45.00, 'bundles', 0.00, '', '2021-01-23 12:59:38', '2021-01-23 12:59:38', 222),
(48, 65, 14.00, 'bunches', 0.00, '', '2021-01-23 12:59:38', '2021-01-23 12:59:38', 223),
(48, 30, 300.00, 'gms', 0.00, '', '2021-01-23 12:59:38', '2021-01-23 12:59:38', 224),
(48, 12, 2.00, 'kgs', 3.50, '', '2021-01-23 12:59:38', '2021-01-23 12:59:38', 225),
(48, 11, 4.00, 'pcs', 0.50, '', '2021-01-23 12:59:38', '2021-01-23 12:59:38', 226),
(48, 1, 20.00, 'pcs', 1.00, '', '2021-01-23 12:59:38', '2021-01-23 12:59:38', 227),
(48, 2, 50.00, 'pcs', 0.50, '', '2021-01-23 12:59:38', '2021-01-23 12:59:38', 228),
(48, 32, 2.00, 'lbs', 0.00, '', '2021-01-23 12:59:38', '2021-01-23 12:59:38', 229),
(48, 71, 15.00, 'pcs', 0.00, '', '2021-01-23 13:02:00', '2021-01-23 13:02:00', 230),
(48, 75, 15.00, 'pcs', 0.00, '', '2021-01-23 13:02:00', '2021-01-23 13:02:00', 231),
(48, 73, 1.00, 'lbs', 0.00, '', '2021-01-23 13:02:00', '2021-01-23 13:02:00', 232),
(48, 74, 2.00, 'lbs', 0.00, '', '2021-01-23 13:02:00', '2021-01-23 13:02:00', 233),
(48, 72, 1.00, 'big can', 0.00, '', '2021-01-23 13:02:00', '2021-01-23 13:02:00', 234),
(48, 58, 1.00, 'gallons', 0.00, '', '2021-01-23 13:02:00', '2021-01-23 13:02:00', 235),
(49, 64, 1.00, 'bottles', 0.00, '', '2021-01-23 14:24:11', '2021-01-23 14:24:11', 236),
(49, 59, 15.00, 'pcs', 0.00, '', '2021-01-23 14:24:11', '2021-01-23 14:24:11', 237),
(49, 24, 2.00, 'packet', 0.00, '', '2021-01-23 14:24:11', '2021-01-23 14:24:11', 238),
(49, 28, 15.00, 'pcs', 0.00, '', '2021-01-23 14:24:11', '2021-01-23 14:24:11', 239),
(49, 12, 2.00, 'packets', 3.50, '', '2021-01-23 14:24:11', '2021-01-23 14:24:11', 240),
(49, 11, 1.00, 'lbs', 0.50, '', '2021-01-23 14:24:11', '2021-01-23 14:24:11', 241),
(49, 34, 15.00, 'pcs', 0.00, '', '2021-01-23 14:24:11', '2021-01-23 14:24:11', 242),
(49, 1, 15.00, 'pcs', 1.00, '', '2021-01-23 14:24:11', '2021-01-23 14:24:11', 243),
(49, 2, 45.00, 'pcs', 0.50, '', '2021-01-23 14:24:11', '2021-01-23 14:24:11', 244),
(49, 73, 2.00, 'lbs', 0.00, '', '2021-01-23 14:24:11', '2021-01-23 14:24:11', 245),
(49, 27, 4.00, 'lbs', 0.00, '', '2021-01-23 14:24:11', '2021-01-23 14:24:11', 246),
(49, 5, 1.00, 'bottles', 4.50, '', '2021-01-23 14:24:11', '2021-01-23 14:24:11', 247),
(49, 42, 5.00, 'lbs', 0.00, '', '2021-01-23 14:24:11', '2021-01-23 14:24:11', 248),
(49, 60, 6.00, 'lbs', 0.00, '', '2021-01-23 14:24:11', '2021-01-23 14:24:11', 249),
(49, 37, 1.00, 'packet', 0.00, '', '2021-01-23 14:24:11', '2021-01-23 14:24:11', 250),
(49, 76, 2.00, 'big can', 0.00, '', '2021-01-23 14:24:11', '2021-01-23 14:24:11', 251),
(49, 58, 2.00, 'gallons', 0.00, '', '2021-01-23 14:24:11', '2021-01-23 14:24:11', 252),
(49, 19, 1.00, 'gallon', 0.00, '', '2021-01-23 14:24:11', '2021-01-23 14:24:11', 253),
(49, 32, 30.00, 'lbs', 0.00, '', '2021-01-23 14:24:11', '2021-01-23 14:24:11', 254),
(49, 18, 48.00, 'pcs', 0.00, '', '2021-01-23 14:24:11', '2021-01-23 14:24:11', 255),
(49, 80, 20.00, 'lbs', 0.00, '', '2021-01-23 14:38:37', '2021-01-23 14:38:37', 256),
(49, 88, 2.00, 'packets', 0.00, '', '2021-01-23 14:38:37', '2021-01-23 14:38:37', 257),
(49, 87, 1.00, 'bunches', 0.00, '', '2021-01-23 14:38:37', '2021-01-23 14:38:37', 258),
(49, 79, 4.00, 'packets', 0.00, '', '2021-01-23 14:38:37', '2021-01-23 14:38:37', 259),
(49, 77, 4.00, 'big can', 0.00, '', '2021-01-23 14:38:37', '2021-01-23 14:38:37', 260),
(49, 78, 4.00, 'lbs', 0.00, '', '2021-01-23 14:40:03', '2021-01-23 14:40:03', 261),
(49, 81, 2.00, 'big can', 0.00, '', '2021-01-23 14:42:32', '2021-01-23 14:42:32', 262),
(49, 82, 5.00, 'big can', 0.00, '', '2021-01-23 14:42:32', '2021-01-23 14:42:32', 263),
(49, 83, 5.00, 'lbs', 0.00, '', '2021-01-23 14:43:12', '2021-01-23 14:43:12', 264),
(49, 84, 4.00, 'packets', 0.00, '', '2021-01-23 14:44:12', '2021-01-23 14:44:12', 265),
(49, 85, 4.00, 'lbs', 0.00, '', '2021-01-23 14:46:55', '2021-01-23 14:46:55', 267),
(49, 86, 4.00, 'lbs', 0.00, '', '2021-01-23 14:47:23', '2021-01-23 14:47:23', 268),
(49, 89, 4.00, 'bottles', 0.00, '', '2021-01-23 14:58:49', '2021-01-23 14:58:49', 269),
(50, 29, 4.00, 'bundles', 0.00, '', '2021-01-23 15:13:00', '2021-01-23 15:13:00', 270),
(50, 24, 4.00, 'packet', 0.00, '', '2021-01-23 15:13:00', '2021-01-23 15:13:00', 271),
(50, 12, 2.00, 'packets', 3.50, '', '2021-01-23 15:13:00', '2021-01-23 15:13:00', 272),
(50, 50, 10.00, 'gms', 0.00, '', '2021-01-23 15:13:00', '2021-01-23 15:13:00', 273),
(50, 1, 20.00, 'pcs', 1.00, '', '2021-01-23 15:13:00', '2021-01-23 15:13:00', 274),
(50, 2, 25.00, 'pcs', 0.50, '', '2021-01-23 15:13:00', '2021-01-23 15:13:00', 275),
(50, 5, 1.00, 'bottles', 4.50, '', '2021-01-23 15:13:00', '2021-01-23 15:13:00', 276),
(50, 95, 1.00, 'packets', 0.00, '', '2021-01-23 15:15:01', '2021-01-23 15:15:01', 277),
(50, 96, 5.00, 'packets', 0.00, '', '2021-01-23 15:15:01', '2021-01-23 15:15:01', 278),
(50, 92, 10.00, 'gms', 0.00, '', '2021-01-23 15:15:01', '2021-01-23 15:15:01', 279),
(50, 93, 10.00, 'gms', 0.00, '', '2021-01-23 15:15:01', '2021-01-23 15:15:01', 280),
(50, 91, 10.00, 'gms', 0.00, '', '2021-01-23 15:15:01', '2021-01-23 15:15:01', 282),
(50, 90, 10.00, 'gms', 0.00, '', '2021-01-23 15:15:01', '2021-01-23 15:15:01', 283),
(50, 94, 70.00, 'lbs', 0.00, '', '2021-01-23 15:15:01', '2021-01-23 15:15:01', 284),
(50, 26, 20.00, 'cups', 0.00, '', '2021-01-23 15:16:51', '2021-01-23 15:16:51', 287),
(51, 12, 2.00, 'packets', 3.50, '', '2021-01-23 15:26:31', '2021-01-23 15:26:31', 288),
(51, 9, 4.00, 'bottles', 5.50, '', '2021-01-23 15:26:31', '2021-01-23 15:26:31', 289),
(51, 97, 2.00, 'big bottle', 0.00, '', '2021-01-23 15:26:31', '2021-01-23 15:26:31', 290),
(51, 1, 20.00, 'pcs', 1.00, '', '2021-01-23 15:26:31', '2021-01-23 15:26:31', 291),
(51, 2, 20.00, 'pcs', 0.50, '', '2021-01-23 15:26:31', '2021-01-23 15:26:31', 292),
(51, 73, 4.00, 'lbs', 0.00, '', '2021-01-23 15:26:31', '2021-01-23 15:26:31', 293),
(51, 98, 10.00, 'gms', 0.00, '', '2021-01-23 15:26:31', '2021-01-23 15:26:31', 294),
(51, 38, 20.00, 'pcs', 0.00, '', '2021-01-23 15:28:08', '2021-01-23 15:28:08', 295),
(51, 99, 16.00, 'pcs', 0.00, '', '2021-01-23 15:28:53', '2021-01-23 15:28:53', 296),
(52, 102, 4.00, 'lbs', 0.00, '', '2021-01-23 15:53:28', '2021-01-23 15:53:28', 299),
(52, 71, 120.00, 'pcs', 0.00, '', '2021-01-23 15:53:28', '2021-01-23 15:53:28', 300),
(52, 29, 6.00, 'bundles', 0.00, '', '2021-01-23 15:53:28', '2021-01-23 15:53:28', 301),
(52, 48, 1.00, 'kgs', 0.00, '', '2021-01-23 15:53:28', '2021-01-23 15:53:28', 302),
(52, 24, 2.00, 'packet', 0.00, '', '2021-01-23 15:53:28', '2021-01-23 15:53:28', 303),
(52, 101, 500.00, 'gms', 0.00, '', '2021-01-23 15:53:28', '2021-01-23 15:53:28', 304),
(52, 50, 500.00, 'gms', 0.00, '', '2021-01-23 15:53:28', '2021-01-23 15:53:28', 305),
(52, 91, 200.00, 'gms', 0.00, '', '2021-01-23 15:53:28', '2021-01-23 15:53:28', 306),
(52, 103, 1.00, 'kgs', 0.00, '', '2021-01-23 15:53:28', '2021-01-23 15:53:28', 307),
(52, 93, 500.00, 'gms', 0.00, '', '2021-01-23 15:55:17', '2021-01-23 15:55:17', 308),
(52, 105, 200.00, 'gms', 0.00, '', '2021-01-23 15:55:17', '2021-01-23 15:55:17', 310),
(52, 1, 20.00, 'pcs', 1.00, '', '2021-01-23 15:55:17', '2021-01-23 15:55:17', 311),
(52, 106, 3.00, 'kgs', 0.00, '', '2021-01-23 15:55:17', '2021-01-23 15:55:17', 312),
(52, 5, 1.00, 'bottles', 4.50, '', '2021-01-23 15:55:17', '2021-01-23 15:55:17', 313),
(52, 37, 3.00, 'box', 0.00, '', '2021-01-23 15:55:17', '2021-01-23 15:55:17', 314),
(52, 104, 250.00, 'gms', 0.00, '', '2021-01-23 15:57:26', '2021-01-23 15:57:26', 315),
(52, 107, 2.00, 'kgs', 0.00, '', '2021-01-23 15:58:59', '2021-01-23 15:58:59', 316),
(52, 108, 1.00, 'kgs', 0.00, '', '2021-01-23 15:59:31', '2021-01-23 15:59:31', 317),
(53, 1, 25.00, 'pcs', 1.00, '', '2021-01-24 11:05:18', '2021-01-24 11:05:18', 322),
(53, 12, 4.00, 'packets', 3.50, '', '2021-01-24 11:14:55', '2021-01-24 11:14:55', 323),
(53, 11, 2.00, 'lbs', 0.50, '', '2021-01-24 11:14:55', '2021-01-24 11:14:55', 324),
(53, 56, 15.00, 'lbs', 0.00, '', '2021-01-24 11:14:55', '2021-01-24 11:14:55', 326),
(53, 109, 10.00, 'lbs', 0.00, '', '2021-01-24 11:14:55', '2021-01-24 11:14:55', 327),
(53, 113, 1.00, 'bottles', 0.00, '', '2021-01-24 11:14:55', '2021-01-24 11:14:55', 328),
(53, 37, 2.00, 'costco box', 0.00, '', '2021-01-24 11:14:55', '2021-01-24 11:14:55', 329),
(53, 114, 1.00, 'gallon', 0.00, '', '2021-01-24 11:14:55', '2021-01-24 11:14:55', 330),
(53, 58, 1.00, 'gallons', 0.00, '', '2021-01-24 11:14:55', '2021-01-24 11:14:55', 331),
(53, 111, 1.00, 'bottles', 0.00, '', '2021-01-24 11:14:55', '2021-01-24 11:14:55', 332),
(53, 112, 1.00, 'bottles', 0.00, '', '2021-01-24 11:14:55', '2021-01-24 11:14:55', 333),
(53, 110, 3.00, 'box', 0.00, '', '2021-01-24 11:14:55', '2021-01-24 11:14:55', 334),
(53, 115, 2.00, 'lbs', 0.00, '', '2021-01-24 11:15:08', '2021-01-24 11:15:08', 335),
(53, 42, 15.00, 'lbs', 0.00, '', '2021-01-24 11:15:47', '2021-01-24 11:15:47', 336),
(54, 34, 25.00, 'pcs', 0.00, '', '2021-01-30 20:33:03', '2021-01-30 20:33:03', 340),
(54, 100, 10.00, 'pcs', 0.00, '', '2021-01-30 20:33:03', '2021-01-30 20:33:03', 341),
(54, 18, 90.00, 'pcs', 0.00, '', '2021-01-30 20:33:03', '2021-01-30 20:33:03', 342),
(54, 93, 200.00, 'gms', 0.00, '', '2021-01-30 20:38:25', '2021-01-30 20:38:25', 343),
(54, 12, 2.00, 'kgs', 3.50, '', '2021-01-30 20:38:25', '2021-01-30 20:38:25', 344),
(54, 11, 3.00, 'pcs', 0.50, '', '2021-01-30 20:38:25', '2021-01-30 20:38:25', 345),
(54, 108, 500.00, 'gms', 0.00, '', '2021-01-30 20:38:25', '2021-01-30 20:38:25', 346),
(54, 38, 30.00, 'pcs', 0.00, '', '2021-01-30 20:38:25', '2021-01-30 20:38:25', 347),
(54, 33, 20.00, 'bunches', 0.00, '', '2021-01-30 20:38:25', '2021-01-30 20:38:25', 348),
(54, 115, 1.00, 'lbs', 0.00, '', '2021-01-30 20:38:25', '2021-01-30 20:38:25', 349),
(54, 106, 1.00, 'kgs', 0.00, '', '2021-01-30 20:38:25', '2021-01-30 20:38:25', 350),
(54, 116, 1.00, 'bottles', 0.00, '', '2021-01-30 20:38:25', '2021-01-30 20:38:25', 351),
(54, 117, 5.00, 'lbs', 0.00, '', '2021-01-30 20:40:48', '2021-01-30 20:40:48', 352),
(54, 54, 6.00, 'lbs', 0.00, '', '2021-01-30 20:41:10', '2021-01-30 20:41:10', 353),
(54, 120, 6.00, 'lbs', 0.00, '', '2021-01-30 20:41:52', '2021-01-30 20:41:52', 354),
(54, 118, 1.00, 'bottles', 0.00, '', '2021-01-30 20:42:39', '2021-01-30 20:42:39', 355),
(54, 119, 1.00, 'bottles', 0.00, '', '2021-01-30 20:42:55', '2021-01-30 20:42:55', 356),
(56, 29, 8.00, 'bundles', 0.00, '', '2021-01-30 20:59:07', '2021-01-30 20:59:07', 364),
(56, 1, 20.00, 'pcs', 1.00, '', '2021-01-30 20:59:07', '2021-01-30 20:59:07', 365),
(56, 66, 16.00, 'lbs', 0.00, '', '2021-01-30 20:59:07', '2021-01-30 20:59:07', 366),
(56, 32, 8.00, 'lbs', 0.00, '', '2021-01-30 20:59:07', '2021-01-30 20:59:07', 367),
(56, 121, 8.00, 'lbs', 0.00, '', '2021-01-30 20:59:56', '2021-01-30 20:59:56', 368),
(57, 1, 50.00, 'pcs', 1.00, '', '2021-01-30 21:12:00', '2021-01-30 21:12:00', 369),
(57, 56, 5.00, 'lbs', 0.80, '', '2021-01-30 21:12:00', '2021-01-30 21:12:00', 370),
(57, 2, 40.00, 'pcs', 0.50, '', '2021-01-30 21:12:00', '2021-01-30 21:12:00', 371),
(57, 74, 10.00, 'lbs', 1.10, '', '2021-01-30 21:12:00', '2021-01-30 21:12:00', 372),
(57, 9, 3.00, 'bottles', 5.50, '', '2021-01-30 21:13:02', '2021-01-30 21:13:02', 373),
(57, 129, 2.00, 'box', 1.49, '', '2021-01-30 21:13:02', '2021-01-30 21:13:02', 374),
(57, 122, 12.00, 'box', 1.49, '', '2021-01-30 21:13:02', '2021-01-30 21:13:02', 375),
(57, 130, 6.00, 'lbs', 1.80, '', '2021-01-30 21:13:02', '2021-01-30 21:13:02', 376),
(57, 125, 6.00, 'packets', 2.24, '', '2021-01-30 21:13:02', '2021-01-30 21:13:02', 377),
(57, 128, 1.00, 'big box', 5.00, '', '2021-01-30 21:13:02', '2021-01-30 21:13:02', 378),
(57, 127, 2.00, 'lbs', 3.49, '', '2021-01-30 21:13:02', '2021-01-30 21:13:02', 379),
(57, 126, 1.00, 'lbs', 3.70, '', '2021-01-30 21:17:02', '2021-01-30 21:17:02', 380),
(57, 123, 4.00, 'lbs', 1.00, '', '2021-01-30 21:17:02', '2021-01-30 21:17:02', 381),
(57, 124, 15.00, 'cans', 1.00, '', '2021-01-30 21:17:02', '2021-01-30 21:17:02', 382),
(57, 22, 4.00, 'packet', 5.99, '', '2021-01-30 21:17:47', '2021-01-30 21:17:47', 383),
(57, 131, 1.00, 'lbs', 9.99, '', '2021-01-30 21:17:47', '2021-01-30 21:17:47', 384),
(57, 132, 4.00, 'lbs', 9.99, '', '2021-01-30 21:17:47', '2021-01-30 21:17:47', 385),
(57, 23, 1.00, 'Big can', 3.49, '', '2021-01-30 21:17:47', '2021-01-30 21:17:47', 386),
(57, 32, 4.00, 'lbs', 1.00, '', '2021-01-30 21:17:47', '2021-01-30 21:17:47', 387),
(53, 130, 20.00, 'lbs', 0.00, '', '2021-01-30 22:50:53', '2021-01-30 22:50:53', 388),
(53, 131, 200.00, 'gms', 0.00, '', '2021-01-30 22:52:26', '2021-01-30 22:52:26', 389),
(53, 132, 1.00, 'bottles', 0.00, '', '2021-01-30 22:52:26', '2021-01-30 22:52:26', 390),
(53, 19, 1.00, 'half gallon', 0.00, '', '2021-01-30 22:52:26', '2021-01-30 22:52:26', 392),
(53, 133, 5.00, 'lbs', 0.00, '', '2021-01-30 22:52:26', '2021-01-30 22:52:26', 393),
(53, 134, 2.00, 'lbs', 0.00, '', '2021-01-30 22:55:12', '2021-01-30 22:55:12', 394),
(58, 22, 1.00, 'packet', 0.00, '', '2021-01-30 22:59:23', '2021-01-30 22:59:23', 395),
(58, 24, 2.00, 'packet', 0.00, '', '2021-01-30 22:59:23', '2021-01-30 22:59:23', 396),
(58, 12, 1.00, 'packets', 3.50, '', '2021-01-30 22:59:23', '2021-01-30 22:59:23', 397),
(58, 11, 1.00, 'lbs', 0.50, '', '2021-01-30 22:59:23', '2021-01-30 22:59:23', 398),
(58, 122, 4.00, 'box', 0.00, '', '2021-01-30 22:59:23', '2021-01-30 22:59:23', 399),
(58, 34, 15.00, 'pcs', 0.00, '', '2021-01-30 22:59:23', '2021-01-30 22:59:23', 400),
(58, 85, 2.00, 'lbs', 0.00, '', '2021-01-30 22:59:23', '2021-01-30 22:59:23', 401),
(58, 1, 10.00, 'pcs', 1.00, '', '2021-01-30 22:59:23', '2021-01-30 22:59:23', 402),
(58, 56, 10.00, 'lbs', 0.00, '', '2021-01-30 22:59:23', '2021-01-30 22:59:23', 403),
(58, 70, 4.00, 'lbs', 0.00, '', '2021-01-30 22:59:23', '2021-01-30 22:59:23', 404),
(58, 42, 10.00, 'lbs', 0.00, '', '2021-01-30 22:59:23', '2021-01-30 22:59:23', 405),
(58, 60, 4.00, 'lbs', 0.00, '', '2021-01-30 22:59:23', '2021-01-30 22:59:23', 407),
(58, 37, 2.00, 'box', 0.00, '', '2021-01-30 22:59:23', '2021-01-30 22:59:23', 408),
(58, 58, 1.00, 'half gallons', 0.00, '', '2021-01-30 22:59:23', '2021-01-30 22:59:23', 409),
(58, 57, 5.00, 'lbs', 0.00, '', '2021-01-30 22:59:23', '2021-01-30 22:59:23', 410),
(58, 46, 10.00, 'pcs', 0.00, '', '2021-01-30 23:03:13', '2021-01-30 23:03:13', 411),
(58, 135, 5.00, 'bunches', 0.00, '', '2021-01-30 23:03:13', '2021-01-30 23:03:13', 412),
(58, 136, 2.00, 'big can', 0.00, '', '2021-01-30 23:03:13', '2021-01-30 23:03:13', 413),
(58, 73, 2.00, 'lbs', 0.00, '', '2021-01-30 23:07:30', '2021-01-30 23:07:30', 414),
(58, 86, 4.00, 'lbs', 0.00, '', '2021-01-30 23:08:02', '2021-01-30 23:08:02', 415),
(58, 81, 2.00, 'big can', 0.00, '', '2021-01-30 23:10:06', '2021-01-30 23:10:06', 416),
(59, 22, 5.00, 'packet', 0.00, '', '2021-01-30 23:15:34', '2021-01-30 23:15:34', 417),
(59, 12, 1.00, 'packets', 3.50, '', '2021-01-30 23:15:34', '2021-01-30 23:15:34', 418),
(59, 9, 4.00, 'bottles', 5.50, '', '2021-01-30 23:15:34', '2021-01-30 23:15:34', 419),
(59, 1, 35.00, 'pcs', 1.00, '', '2021-01-30 23:15:34', '2021-01-30 23:15:34', 420),
(59, 2, 25.00, 'pcs', 0.50, '', '2021-01-30 23:15:34', '2021-01-30 23:15:34', 421),
(59, 37, 1.00, 'box', 0.00, '', '2021-01-30 23:15:34', '2021-01-30 23:15:34', 422),
(59, 32, 6.00, 'lbs', 0.00, '', '2021-01-30 23:15:34', '2021-01-30 23:15:34', 423),
(59, 141, 200.00, 'gms', 0.00, '', '2021-01-30 23:19:35', '2021-01-30 23:19:35', 424),
(59, 140, 100.00, 'gms', 0.00, '', '2021-01-30 23:19:35', '2021-01-30 23:19:35', 425),
(59, 63, 1.00, 'packets', 0.00, '', '2021-01-30 23:19:35', '2021-01-30 23:19:35', 426),
(59, 138, 3.00, 'box', 0.00, '', '2021-01-30 23:19:35', '2021-01-30 23:19:35', 427),
(59, 29, 5.00, 'bundles', 0.00, '', '2021-01-30 23:21:34', '2021-01-30 23:21:34', 428),
(59, 48, 200.00, 'gms', 0.00, '', '2021-01-30 23:21:34', '2021-01-30 23:21:34', 429),
(60, 144, 200.00, 'gms', 0.00, '', '2021-01-31 16:22:39', '2021-01-31 16:22:39', 430),
(60, 93, 250.00, 'gms', 0.00, '', '2021-01-31 16:22:39', '2021-01-31 16:22:39', 431),
(60, 28, 15.00, 'pcs', 0.00, '', '2021-01-31 16:22:39', '2021-01-31 16:22:39', 432),
(60, 29, 16.00, 'bundles', 0.39, '', '2021-01-31 16:22:39', '2021-01-31 16:22:39', 433),
(60, 24, 3.00, 'packet', 0.00, '', '2021-01-31 16:22:39', '2021-01-31 16:22:39', 434),
(60, 12, 2.00, 'kgs', 3.50, '', '2021-01-31 16:22:39', '2021-01-31 16:22:39', 435),
(60, 11, 2.00, 'lbs', 0.50, '', '2021-01-31 16:22:39', '2021-01-31 16:22:39', 436),
(60, 65, 8.00, 'bunches', 0.80, '', '2021-01-31 16:22:39', '2021-01-31 16:22:39', 437),
(60, 143, 5.00, 'box', 1.49, '', '2021-01-31 16:22:39', '2021-01-31 16:22:39', 438),
(60, 1, 50.00, 'pcs', 1.00, '', '2021-01-31 16:22:39', '2021-01-31 16:22:39', 439),
(60, 56, 5.00, 'lbs', 0.80, '', '2021-01-31 16:22:39', '2021-01-31 16:22:39', 440),
(60, 2, 70.00, 'pcs', 0.50, '', '2021-01-31 16:22:39', '2021-01-31 16:22:39', 441),
(60, 66, 12.00, 'lbs', 1.00, '', '2021-01-31 16:22:39', '2021-01-31 16:22:39', 442),
(60, 142, 15.00, 'lbs', 1.25, '', '2021-01-31 16:22:39', '2021-01-31 16:22:39', 443),
(60, 123, 12.00, 'lbs', 1.00, '', '2021-01-31 16:22:39', '2021-01-31 16:22:39', 444),
(60, 134, 500.00, 'gms', 0.00, '', '2021-01-31 16:22:39', '2021-01-31 16:22:39', 445),
(60, 70, 500.00, 'gms', 0.00, '', '2021-01-31 16:22:39', '2021-01-31 16:22:39', 446),
(60, 131, 250.00, 'gms', 0.00, '', '2021-01-31 16:22:39', '2021-01-31 16:22:39', 447),
(60, 132, 2.00, 'bottles', 10.00, '', '2021-01-31 16:22:39', '2021-01-31 16:22:39', 448),
(60, 37, 3.00, 'box', 0.00, '', '2021-01-31 16:22:39', '2021-01-31 16:22:39', 449),
(60, 114, 1.00, 'half gallon', 5.39, '', '2021-01-31 16:22:39', '2021-01-31 16:22:39', 450),
(60, 19, 1.00, 'box', 7.00, '', '2021-01-31 16:22:39', '2021-01-31 16:22:39', 451),
(60, 30, 300.00, 'gms', 0.00, '', '2021-01-31 16:23:34', '2021-01-31 16:23:34', 452),
(60, 32, 45.00, 'lbs', 1.00, '', '2021-01-31 16:25:20', '2021-01-31 16:25:20', 454),
(60, 98, 5.00, 'gms', 0.00, '', '2021-01-31 16:27:12', '2021-01-31 16:27:12', 455),
(60, 145, 12.00, 'lbs', 0.50, '', '2021-01-31 16:27:12', '2021-01-31 16:27:12', 456),
(61, 22, 1.00, 'packet', 5.99, '', '2021-01-31 17:19:50', '2021-01-31 17:19:50', 457),
(61, 34, 20.00, 'pcs', 0.50, '', '2021-01-31 17:19:50', '2021-01-31 17:19:50', 458),
(61, 62, 6.00, 'pcs', 1.29, '', '2021-01-31 17:19:50', '2021-01-31 17:19:50', 459),
(61, 1, 30.00, 'pcs', 1.00, '', '2021-01-31 17:19:50', '2021-01-31 17:19:50', 460),
(61, 2, 1.00, 'box', 0.50, '', '2021-01-31 17:19:50', '2021-01-31 17:19:50', 461),
(61, 27, 8.00, 'lbs', 1.25, '', '2021-01-31 17:19:50', '2021-01-31 17:19:50', 462),
(61, 26, 8.00, 'lbs', 1.25, '', '2021-01-31 17:19:50', '2021-01-31 17:19:50', 463),
(61, 47, 4.00, 'lbs', 1.25, '', '2021-01-31 17:19:50', '2021-01-31 17:19:50', 464),
(61, 114, 6.00, 'box', 5.39, '', '2021-01-31 17:19:50', '2021-01-31 17:19:50', 465),
(61, 58, 1.00, 'cans', 3.29, '', '2021-01-31 17:19:50', '2021-01-31 17:19:50', 466),
(61, 145, 10.00, 'lbs', 0.50, '', '2021-01-31 17:19:50', '2021-01-31 17:19:50', 467),
(61, 147, 10.00, 'lbs', 1.10, '', '2021-01-31 17:24:09', '2021-01-31 17:24:09', 468),
(61, 146, 8.00, 'lbs', 1.65, '', '2021-01-31 17:24:09', '2021-01-31 17:24:09', 469),
(61, 150, 8.00, 'lbs', 2.49, '', '2021-01-31 17:25:39', '2021-01-31 17:25:39', 470),
(61, 148, 8.00, 'pcs', 0.00, '', '2021-01-31 17:26:43', '2021-01-31 17:26:43', 471),
(61, 149, 50.00, 'pcs', 0.00, '', '2021-01-31 17:27:11', '2021-01-31 17:27:11', 472),
(61, 56, 5.00, 'lbs', 0.80, '', '2021-01-31 17:28:59', '2021-01-31 17:28:59', 473),
(62, 102, 1.00, 'kgs', 0.00, '', '2021-02-07 10:16:57', '2021-02-07 10:16:57', 474),
(62, 30, 300.00, 'gms', 0.00, '', '2021-02-07 10:16:57', '2021-02-07 10:16:57', 475),
(62, 29, 8.00, 'bundles', 0.00, '', '2021-02-07 10:16:57', '2021-02-07 10:16:57', 476),
(62, 48, 500.00, 'gms', 0.00, '', '2021-02-07 10:16:57', '2021-02-07 10:16:57', 477),
(62, 24, 2.00, 'packet', 0.00, '', '2021-02-07 10:16:57', '2021-02-07 10:16:57', 478),
(62, 101, 500.00, 'gms', 0.00, '', '2021-02-07 10:16:57', '2021-02-07 10:16:57', 479),
(62, 12, 2.00, 'kgs', 3.50, '', '2021-02-07 10:16:57', '2021-02-07 10:16:57', 480),
(62, 11, 2.00, 'pcs', 0.50, '', '2021-02-07 10:16:57', '2021-02-07 10:16:57', 481),
(62, 34, 12.00, 'pcs', 0.50, '', '2021-02-07 10:16:57', '2021-02-07 10:16:57', 483),
(62, 100, 6.00, 'pcs', 0.50, '', '2021-02-07 10:16:57', '2021-02-07 10:16:57', 484),
(62, 62, 12.00, 'pcs', 1.29, '', '2021-02-07 10:16:57', '2021-02-07 10:16:57', 485),
(62, 149, 7.00, 'lbs', 0.00, '', '2021-02-07 10:16:57', '2021-02-07 10:16:57', 486),
(62, 1, 45.00, 'pcs', 1.00, '', '2021-02-07 10:16:57', '2021-02-07 10:16:57', 487),
(62, 56, 30.00, 'lbs', 0.80, '', '2021-02-07 10:16:57', '2021-02-07 10:16:57', 488),
(62, 2, 50.00, 'pcs', 0.50, '', '2021-02-07 10:16:57', '2021-02-07 10:16:57', 489),
(62, 123, 10.00, 'lbs', 1.00, '', '2021-02-07 10:16:57', '2021-02-07 10:16:57', 490),
(62, 134, 2.00, 'lbs', 4.50, '', '2021-02-07 10:16:57', '2021-02-07 10:16:57', 491),
(62, 70, 10.00, 'lbs', 3.00, '', '2021-02-07 10:16:57', '2021-02-07 10:16:57', 492),
(62, 106, 4.00, 'lbs', 2.00, '', '2021-02-07 10:16:57', '2021-02-07 10:16:57', 493),
(62, 131, 4.00, 'lbs', 9.99, '', '2021-02-07 10:16:57', '2021-02-07 10:16:57', 494),
(62, 132, 2.00, 'bottles', 19.00, '', '2021-02-07 10:16:57', '2021-02-07 10:16:57', 495),
(62, 109, 2.00, 'lbs', 0.00, '', '2021-02-07 10:16:57', '2021-02-07 10:16:57', 496),
(62, 72, 6.00, 'big can', 8.10, '', '2021-02-07 10:16:57', '2021-02-07 10:16:57', 497),
(62, 103, 4.00, 'packets', 2.29, '', '2021-02-07 10:16:57', '2021-02-07 10:16:57', 498),
(62, 19, 1.00, 'half gallons', 7.00, '', '2021-02-07 10:16:57', '2021-02-07 10:16:57', 499),
(62, 32, 8.00, 'lbs', 1.00, '', '2021-02-07 10:16:57', '2021-02-07 10:16:57', 500),
(62, 98, 5.00, 'gms', 2.50, '', '2021-02-07 10:16:57', '2021-02-07 10:16:57', 501),
(62, 145, 8.00, 'lbs', 0.50, '', '2021-02-07 10:16:57', '2021-02-07 10:16:57', 502),
(62, 108, 1.00, 'kgs', 0.00, '', '2021-02-07 10:23:45', '2021-02-07 10:23:45', 503),
(62, 155, 6.00, 'lbs', 0.00, '', '2021-02-07 10:23:45', '2021-02-07 10:23:45', 504),
(62, 156, 500.00, 'gms', 0.00, '', '2021-02-07 10:23:45', '2021-02-07 10:23:45', 505),
(62, 128, 2.00, 'lbs', 5.00, '', '2021-02-07 10:23:45', '2021-02-07 10:23:45', 506),
(62, 147, 8.00, 'lbs', 1.10, '', '2021-02-07 10:32:44', '2021-02-07 10:32:44', 507),
(62, 38, 10.00, 'pcs', 0.00, '', '2021-02-07 10:34:44', '2021-02-07 10:34:44', 508),
(62, 154, 200.00, 'gms', 0.00, '', '2021-02-07 10:36:08', '2021-02-07 10:36:08', 509),
(62, 153, 400.00, 'gms', 0.00, '', '2021-02-07 10:36:54', '2021-02-07 10:36:54', 510),
(62, 158, 100.00, 'gms', 0.00, '', '2021-02-07 10:37:57', '2021-02-07 10:37:57', 511),
(62, 75, 8.00, 'pcs', 0.00, '', '2021-02-07 10:38:33', '2021-02-07 10:38:33', 512),
(62, 151, 200.00, 'gms', 0.00, '', '2021-02-07 10:39:53', '2021-02-07 10:39:53', 513),
(63, 30, 200.00, 'gms', 0.00, '', '2021-02-07 10:42:48', '2021-02-07 10:42:48', 514),
(63, 12, 4.00, 'packets', 3.50, '', '2021-02-07 10:42:48', '2021-02-07 10:42:48', 515),
(63, 9, 2.00, 'bottles', 5.50, '', '2021-02-07 10:42:48', '2021-02-07 10:42:48', 516),
(63, 65, 10.00, 'bunches', 0.49, '', '2021-02-07 10:42:48', '2021-02-07 10:42:48', 517),
(63, 1, 20.00, 'pcs', 1.00, '', '2021-02-07 10:42:48', '2021-02-07 10:42:48', 518),
(63, 47, 4.00, 'lbs', 1.25, '', '2021-02-07 10:42:48', '2021-02-07 10:42:48', 519),
(63, 51, 12.00, 'lbs', 3.00, '', '2021-02-07 10:42:48', '2021-02-07 10:42:48', 520),
(63, 75, 25.00, 'pcs', 0.00, '', '2021-02-07 10:42:48', '2021-02-07 10:42:48', 521),
(0, 52, 0.00, '', 0.00, '', '2021-02-07 10:44:50', '2021-02-07 10:44:50', 522),
(63, 52, 6.00, 'packets', 1.49, '', '2021-02-07 10:45:24', '2021-02-07 10:45:24', 523),
(64, 29, 3.00, 'bundles', 0.00, '', '2021-02-07 10:48:17', '2021-02-07 10:48:17', 524),
(64, 24, 2.00, 'packet', 0.00, '', '2021-02-07 10:48:17', '2021-02-07 10:48:17', 525),
(64, 12, 1.00, 'packets', 3.50, '', '2021-02-07 10:48:17', '2021-02-07 10:48:17', 526),
(64, 69, 1.00, 'packets', 0.00, '', '2021-02-07 10:48:17', '2021-02-07 10:48:17', 527),
(64, 1, 25.00, 'pcs', 1.00, '', '2021-02-07 10:48:17', '2021-02-07 10:48:17', 528),
(64, 67, 10.00, 'lbs', 0.00, '', '2021-02-07 10:48:17', '2021-02-07 10:48:17', 529),
(64, 2, 30.00, 'pcs', 0.50, '', '2021-02-07 10:48:17', '2021-02-07 10:48:17', 530),
(66, 28, 500.00, 'gms', 0.00, '', '2021-02-07 11:00:12', '2021-02-07 11:00:12', 531),
(66, 29, 8.00, 'bundles', 0.00, '', '2021-02-07 11:00:12', '2021-02-07 11:00:12', 532),
(66, 48, 200.00, 'gms', 0.00, '', '2021-02-07 11:00:12', '2021-02-07 11:00:12', 533),
(66, 24, 2.00, 'packet', 0.00, '', '2021-02-07 11:00:12', '2021-02-07 11:00:12', 534),
(66, 12, 2.00, 'packets', 3.50, '', '2021-02-07 11:00:12', '2021-02-07 11:00:12', 535),
(66, 9, 2.00, 'bottles', 5.50, '', '2021-02-07 11:00:12', '2021-02-07 11:00:12', 536),
(66, 50, 200.00, 'gms', 0.00, '', '2021-02-07 11:00:12', '2021-02-07 11:00:12', 537),
(66, 1, 20.00, 'pcs', 1.00, '', '2021-02-07 11:00:12', '2021-02-07 11:00:12', 538),
(66, 2, 25.00, 'pcs', 0.50, '', '2021-02-07 11:00:12', '2021-02-07 11:00:12', 539),
(66, 27, 6.00, 'lbs', 0.00, '', '2021-02-07 11:00:12', '2021-02-07 11:00:12', 540),
(66, 26, 10.00, 'lbs', 0.00, '', '2021-02-07 11:00:12', '2021-02-07 11:00:12', 541),
(66, 47, 6.00, 'lbs', 0.00, '', '2021-02-07 11:00:12', '2021-02-07 11:00:12', 542),
(54, 44, 2.00, 'bottles', 0.00, '', '2021-02-07 11:04:55', '2021-02-07 11:04:55', 543),
(65, 1, 25.00, 'pcs', 1.00, '', '2021-02-07 13:58:43', '2021-02-07 13:58:43', 544),
(65, 126, 1.00, 'packet', 3.70, '', '2021-02-07 13:58:43', '2021-02-07 13:58:43', 545),
(65, 70, 2.00, 'bottles', 13.00, '', '2021-02-07 13:58:43', '2021-02-07 13:58:43', 546),
(65, 114, 2.00, 'box', 5.39, '', '2021-02-07 13:58:43', '2021-02-07 13:58:43', 547),
(65, 19, 2.00, 'box', 7.00, '', '2021-02-07 13:58:43', '2021-02-07 13:58:43', 549),
(65, 22, 1.00, 'packet', 5.99, '', '2021-02-07 14:06:33', '2021-02-07 14:06:33', 550),
(65, 59, 20.00, 'pcs', 0.70, '', '2021-02-07 14:06:33', '2021-02-07 14:06:33', 551),
(65, 28, 20.00, 'pcs', 0.50, '', '2021-02-07 14:06:33', '2021-02-07 14:06:33', 552),
(65, 29, 4.00, 'bundles', 0.39, '', '2021-02-07 14:06:33', '2021-02-07 14:06:33', 553),
(65, 24, 3.00, 'packet', 0.00, '', '2021-02-07 14:06:33', '2021-02-07 14:06:33', 554),
(65, 12, 2.00, 'packets', 3.50, '', '2021-02-07 14:06:33', '2021-02-07 14:06:33', 555),
(65, 11, 1.00, 'lbs', 0.50, '', '2021-02-07 14:06:33', '2021-02-07 14:06:33', 556),
(65, 108, 1.00, 'lbs', 0.00, '', '2021-02-07 14:06:33', '2021-02-07 14:06:33', 557),
(65, 148, 9.00, 'pcs', 0.80, '', '2021-02-07 14:06:33', '2021-02-07 14:06:33', 558),
(65, 66, 5.00, 'lbs', 1.00, '', '2021-02-07 14:06:33', '2021-02-07 14:06:33', 559),
(65, 161, 2.00, 'per thali', 0.00, '', '2021-02-07 14:06:33', '2021-02-07 14:06:33', 560),
(65, 26, 10.00, 'lbs', 1.25, '', '2021-02-07 14:06:33', '2021-02-07 14:06:33', 561),
(65, 73, 1.00, 'lbs', 1.00, '', '2021-02-07 14:06:33', '2021-02-07 14:06:33', 562),
(65, 74, 4.00, 'lbs', 1.10, '', '2021-02-07 14:06:33', '2021-02-07 14:06:33', 563),
(65, 131, 1.00, 'lbs', 9.99, '', '2021-02-07 14:06:33', '2021-02-07 14:06:33', 564),
(65, 37, 1.00, 'box', 2.00, '', '2021-02-07 14:06:33', '2021-02-07 14:06:33', 565),
(65, 58, 6.00, 'gallons', 3.29, '', '2021-02-07 14:06:33', '2021-02-07 14:06:33', 566),
(65, 32, 6.00, 'lbs', 1.00, '', '2021-02-07 14:06:33', '2021-02-07 14:06:33', 567),
(65, 99, 8.00, 'pcs', 0.70, '', '2021-02-07 14:06:33', '2021-02-07 14:06:33', 568),
(65, 98, 1.00, 'gms', 0.00, '', '2021-02-07 14:06:33', '2021-02-07 14:06:33', 569),
(65, 167, 1.00, 'packets', 0.00, '', '2021-02-07 14:07:00', '2021-02-07 14:07:00', 570),
(65, 166, 1.00, 'bottles', 2.00, '', '2021-02-07 14:07:18', '2021-02-07 14:07:18', 571),
(65, 163, 5.00, 'packets', 1.49, '', '2021-02-07 14:08:31', '2021-02-07 14:08:31', 572),
(65, 162, 10.00, 'packets', 1.89, '', '2021-02-07 14:08:31', '2021-02-07 14:08:31', 573),
(65, 2, 25.00, 'pcs', 0.50, '', '2021-02-07 14:09:07', '2021-02-07 14:09:07', 575),
(65, 165, 200.00, 'gms', 0.00, '', '2021-02-07 14:15:03', '2021-02-07 14:15:03', 576),
(54, 169, 30.00, 'pcs', 0.00, '', '2021-02-07 14:21:13', '2021-02-07 14:21:13', 577),
(67, 59, 8.00, 'pcs', 0.30, '', '2021-02-13 12:49:49', '2021-02-13 12:49:49', 578),
(67, 12, 2.00, 'kgs', 3.50, '', '2021-02-13 12:49:49', '2021-02-13 12:49:49', 579),
(67, 11, 4.00, 'pcs', 0.50, '', '2021-02-13 12:49:49', '2021-02-13 12:49:49', 580),
(67, 34, 8.00, 'pcs', 0.50, '', '2021-02-13 12:49:49', '2021-02-13 12:49:49', 581),
(67, 169, 12.00, 'pcs', 0.70, '', '2021-02-13 12:49:49', '2021-02-13 12:49:49', 582),
(67, 62, 12.00, 'pcs', 1.58, '', '2021-02-13 12:49:49', '2021-02-13 12:49:49', 583),
(67, 1, 50.00, 'pcs', 1.00, '', '2021-02-13 12:49:49', '2021-02-13 12:49:49', 584),
(67, 56, 15.00, 'lbs', 0.80, '', '2021-02-13 12:49:49', '2021-02-13 12:49:49', 585),
(67, 2, 150.00, 'pcs', 0.50, '', '2021-02-13 12:49:49', '2021-02-13 12:49:49', 586),
(67, 5, 1.00, 'bottles', 4.50, '', '2021-02-13 12:49:49', '2021-02-13 12:49:49', 587),
(67, 37, 2.00, 'lbs', 2.00, '', '2021-02-13 12:49:49', '2021-02-13 12:49:49', 588),
(67, 76, 4.00, 'can', 1.00, '', '2021-02-13 12:49:49', '2021-02-13 12:49:49', 589),
(67, 114, 2.00, 'gallon', 5.39, '', '2021-02-13 12:49:49', '2021-02-13 12:49:49', 590),
(67, 58, 1.00, 'gallons', 3.29, '', '2021-02-13 12:49:49', '2021-02-13 12:49:49', 591),
(67, 57, 8.00, 'lbs', 5.00, '', '2021-02-13 12:49:49', '2021-02-13 12:49:49', 592),
(67, 19, 1.00, 'half gallon', 7.00, '', '2021-02-13 12:49:49', '2021-02-13 12:49:49', 593),
(67, 32, 5.00, 'lbs', 1.00, '', '2021-02-13 12:49:49', '2021-02-13 12:49:49', 594),
(67, 145, 8.00, 'lbs', 0.50, '', '2021-02-13 12:49:49', '2021-02-13 12:49:49', 595),
(67, 170, 4.00, 'packets', 1.15, '', '2021-02-13 13:07:24', '2021-02-13 13:07:24', 596),
(67, 171, 2.00, 'big packets', 2.24, '', '2021-02-13 13:07:45', '2021-02-13 13:07:45', 597),
(67, 143, 5.00, 'box', 1.49, '', '2021-02-13 13:14:37', '2021-02-13 13:14:37', 598),
(67, 172, 2.00, 'lbs', 0.61, '', '2021-02-13 13:15:26', '2021-02-13 13:15:26', 599),
(67, 68, 1.00, 'kgs', 4.79, '', '2021-02-13 13:17:19', '2021-02-13 13:17:19', 600),
(67, 109, 3.00, 'lbs', 1.50, '', '2021-02-13 13:19:43', '2021-02-13 13:19:43', 601),
(67, 147, 3.00, 'lbs', 1.10, '', '2021-02-13 13:19:43', '2021-02-13 13:19:43', 602),
(67, 40, 8.00, 'pcs', 1.00, '', '2021-02-13 13:20:45', '2021-02-13 13:20:45', 603),
(67, 155, 6.00, 'lbs', 1.69, '', '2021-02-13 13:39:34', '2021-02-13 13:39:34', 605),
(68, 30, 300.00, 'gms', 0.00, '', '2021-02-13 13:43:04', '2021-02-13 13:43:04', 606),
(68, 59, 6.00, 'pcs', 0.00, '', '2021-02-13 13:43:04', '2021-02-13 13:43:04', 607),
(68, 29, 5.00, 'bundles', 0.00, '', '2021-02-13 13:43:04', '2021-02-13 13:43:04', 608),
(68, 24, 3.00, 'packet', 0.00, '', '2021-02-13 13:43:04', '2021-02-13 13:43:04', 609),
(68, 12, 1.00, 'kgs', 3.50, '', '2021-02-13 13:43:04', '2021-02-13 13:43:04', 610),
(68, 11, 2.00, 'pcs', 0.50, '', '2021-02-13 13:43:04', '2021-02-13 13:43:04', 611),
(68, 1, 15.00, 'pcs', 1.00, '', '2021-02-13 13:43:04', '2021-02-13 13:43:04', 612),
(68, 2, 50.00, 'pcs', 0.50, '', '2021-02-13 13:43:04', '2021-02-13 13:43:04', 613),
(68, 25, 15.00, 'lbs', 0.00, '', '2021-02-13 13:43:04', '2021-02-13 13:43:04', 614),
(68, 26, 4.00, 'lbs', 0.00, '', '2021-02-13 13:43:04', '2021-02-13 13:43:04', 615),
(69, 22, 7.00, 'lbs', 5.99, '', '2021-02-13 13:49:43', '2021-02-13 13:49:43', 616),
(69, 59, 30.00, 'pcs', 0.25, '', '2021-02-13 13:49:43', '2021-02-13 13:49:43', 617),
(69, 28, 25.00, 'pcs', 0.00, '', '2021-02-13 13:49:43', '2021-02-13 13:49:43', 618),
(69, 29, 45.00, 'bundles', 0.00, '', '2021-02-13 13:49:43', '2021-02-13 13:49:43', 619),
(69, 4, 1.00, 'pcs', 1.00, '', '2021-02-13 13:49:43', '2021-02-13 13:49:43', 620),
(69, 9, 1.00, 'bottles', 5.50, '', '2021-02-13 13:49:43', '2021-02-13 13:49:43', 621),
(69, 63, 1.00, 'packet', 0.00, '', '2021-02-13 13:49:43', '2021-02-13 13:49:43', 622),
(69, 65, 10.00, 'bunches', 0.80, '', '2021-02-13 13:49:43', '2021-02-13 13:49:43', 623),
(69, 70, 5.00, 'lbs', 3.00, '', '2021-02-13 13:49:43', '2021-02-13 13:49:43', 624),
(69, 19, 1.00, 'half gallon', 7.00, '', '2021-02-13 13:49:43', '2021-02-13 13:49:43', 625),
(69, 32, 12.00, 'lbs', 1.00, '', '2021-02-13 13:49:43', '2021-02-13 13:49:43', 626),
(70, 5, 1.00, 'bottles', 4.50, '', '2021-02-13 14:01:08', '2021-02-13 14:01:08', 627),
(70, 28, 14.00, 'pcs', 0.00, '', '2021-02-13 14:12:02', '2021-02-13 14:12:02', 628),
(70, 29, 12.00, 'bundles', 0.00, '', '2021-02-13 14:12:02', '2021-02-13 14:12:02', 629),
(70, 12, 2.00, 'packets', 3.50, '', '2021-02-13 14:12:02', '2021-02-13 14:12:02', 630),
(70, 46, 10.00, 'pcs', 0.00, '', '2021-02-13 14:12:02', '2021-02-13 14:12:02', 631),
(70, 34, 10.00, 'pcs', 0.50, '', '2021-02-13 14:12:02', '2021-02-13 14:12:02', 632),
(70, 1, 14.00, 'pcs', 1.00, '', '2021-02-13 14:12:02', '2021-02-13 14:12:02', 633),
(70, 136, 2.00, 'big can', 7.39, '', '2021-02-13 14:12:02', '2021-02-13 14:12:02', 634),
(70, 179, 3.00, 'bottles', 0.00, '', '2021-02-13 14:12:02', '2021-02-13 14:12:02', 635),
(70, 178, 2.00, 'bottles', 0.00, '', '2021-02-13 14:12:02', '2021-02-13 14:12:02', 636),
(70, 176, 2.00, 'big can', 7.99, '', '2021-02-13 14:12:02', '2021-02-13 14:12:02', 637),
(70, 177, 2.00, 'big can', 7.99, '', '2021-02-13 14:12:02', '2021-02-13 14:12:02', 638),
(70, 180, 8.00, 'packets', 1.50, '', '2021-02-13 14:12:13', '2021-02-13 14:12:13', 639),
(70, 181, 8.00, 'bottles', 0.00, '', '2021-02-13 14:12:24', '2021-02-13 14:12:24', 640),
(71, 1, 20.00, 'pcs', 1.00, '', '2021-02-15 07:30:15', '2021-02-15 07:30:15', 642),
(71, 56, 10.00, 'lbs', 0.80, '', '2021-02-15 07:30:15', '2021-02-15 07:30:15', 643),
(71, 2, 20.00, 'pcs', 0.50, '', '2021-02-15 07:30:15', '2021-02-15 07:30:15', 644),
(71, 98, 2.00, 'gms', 3.00, '', '2021-02-15 07:30:15', '2021-02-15 07:30:15', 645),
(71, 182, 12.00, 'packets', 1.49, '', '2021-02-15 07:30:33', '2021-02-15 07:30:33', 646),
(71, 9, 2.00, 'bottles', 5.50, '', '2021-02-15 07:30:45', '2021-02-15 07:30:45', 647),
(72, 64, 1.00, 'bottles', 0.00, '', '2021-02-15 07:36:49', '2021-02-15 07:36:49', 648),
(72, 28, 20.00, 'pcs', 0.00, '', '2021-02-15 07:36:49', '2021-02-15 07:36:49', 649),
(72, 4, 1.00, 'pcs', 1.00, '', '2021-02-15 07:36:49', '2021-02-15 07:36:49', 650),
(72, 9, 1.00, 'bottles', 5.50, '', '2021-02-15 07:36:49', '2021-02-15 07:36:49', 651),
(72, 62, 12.00, 'pcs', 0.00, '', '2021-02-15 07:36:49', '2021-02-15 07:36:49', 652),
(72, 1, 12.00, 'pcs', 1.00, '', '2021-02-15 07:36:49', '2021-02-15 07:36:49', 653),
(72, 56, 10.00, 'lbs', 0.00, '', '2021-02-15 07:36:49', '2021-02-15 07:36:49', 654),
(72, 2, 12.00, 'pcs', 0.50, '', '2021-02-15 07:36:49', '2021-02-15 07:36:49', 655),
(72, 34, 10.00, 'pcs', 0.00, '', '2021-02-15 07:37:17', '2021-02-15 07:37:17', 656),
(72, 183, 15.00, 'pcs', 0.00, '', '2021-02-15 07:37:17', '2021-02-15 07:37:17', 657),
(72, 147, 4.00, 'lbs', 0.00, '', '2021-02-15 07:37:17', '2021-02-15 07:37:17', 658),
(73, 52, 8.00, 'packet', 1.49, '', '2021-02-15 07:41:57', '2021-02-15 07:41:57', 659),
(73, 1, 10.00, 'pcs', 1.00, '', '2021-02-15 07:41:57', '2021-02-15 07:41:57', 660),
(73, 47, 3.00, 'cups', 1.25, '', '2021-02-15 07:41:57', '2021-02-15 07:41:57', 661),
(73, 51, 12.00, 'lbs', 3.00, '', '2021-02-15 07:41:57', '2021-02-15 07:41:57', 662),
(73, 184, 2.00, 'cups', 0.00, '', '2021-02-15 07:42:07', '2021-02-15 07:42:07', 664),
(0, 29, 0.00, '', 0.00, '', '2021-02-19 15:03:29', '2021-02-19 15:03:29', 665),
(0, 4, 0.00, '', 0.00, '', '2021-02-19 15:03:29', '2021-02-19 15:03:29', 666),
(0, 9, 0.00, '', 0.00, '', '2021-02-19 15:03:29', '2021-02-19 15:03:29', 667),
(0, 34, 0.00, '', 0.00, '', '2021-02-19 15:03:29', '2021-02-19 15:03:29', 668),
(0, 1, 0.00, '', 0.00, '', '2021-02-19 15:03:29', '2021-02-19 15:03:29', 669),
(0, 145, 0.00, '', 0.00, '', '2021-02-19 15:03:29', '2021-02-19 15:03:29', 670),
(74, 29, 1.00, 'bundles', 0.39, '', '2021-02-19 15:03:59', '2021-02-19 15:03:59', 671),
(74, 4, 1.00, 'bottles', 1.00, '', '2021-02-19 15:03:59', '2021-02-19 15:03:59', 672),
(74, 9, 1.00, 'bottles', 5.50, '', '2021-02-19 15:03:59', '2021-02-19 15:03:59', 673),
(74, 34, 12.00, 'pcs', 0.50, '', '2021-02-19 15:03:59', '2021-02-19 15:03:59', 674),
(74, 1, 20.00, 'pcs', 1.00, '', '2021-02-19 15:03:59', '2021-02-19 15:03:59', 675),
(74, 145, 1.00, 'lbs', 0.50, '', '2021-02-19 15:03:59', '2021-02-19 15:03:59', 676),
(74, 188, 4.00, 'packets', 2.00, '', '2021-02-19 15:06:02', '2021-02-19 15:06:02', 677),
(74, 187, 6.00, 'packets', 0.00, '', '2021-02-19 15:06:02', '2021-02-19 15:06:02', 678),
(74, 186, 1.00, 'bottles', 0.00, '', '2021-02-19 15:06:02', '2021-02-19 15:06:02', 679),
(75, 22, 2.00, 'packet', 5.99, '', '2021-02-19 15:28:58', '2021-02-19 15:28:58', 680),
(75, 11, 2.00, 'pcs', 0.50, '', '2021-02-19 15:28:58', '2021-02-19 15:28:58', 681),
(75, 189, 8.00, 'packets', 1.49, '', '2021-02-19 15:28:58', '2021-02-19 15:28:58', 682),
(75, 75, 25.00, 'pcs', 0.00, '', '2021-02-19 15:28:58', '2021-02-19 15:28:58', 683),
(75, 74, 2.00, 'lbs', 1.10, '', '2021-02-19 15:28:58', '2021-02-19 15:28:58', 684),
(76, 30, 300.00, 'gms', 0.00, '', '2021-02-19 15:34:05', '2021-02-19 15:34:05', 685),
(76, 59, 12.00, 'pcs', 0.00, '', '2021-02-19 15:34:05', '2021-02-19 15:34:05', 686),
(76, 29, 40.00, 'bundles', 0.39, '', '2021-02-19 15:34:05', '2021-02-19 15:34:05', 687),
(76, 24, 3.00, 'packet', 0.00, '', '2021-02-19 15:34:05', '2021-02-19 15:34:05', 688),
(76, 12, 2.00, 'kgs', 1.99, '', '2021-02-19 15:34:05', '2021-02-19 15:34:05', 689),
(76, 11, 3.00, 'pcs', 0.50, '', '2021-02-19 15:34:05', '2021-02-19 15:34:05', 690),
(76, 65, 8.00, 'bunches', 0.80, '', '2021-02-19 15:34:05', '2021-02-19 15:34:05', 691),
(76, 62, 14.00, 'pcs', 1.29, '', '2021-02-19 15:34:05', '2021-02-19 15:34:05', 692),
(76, 149, 8.00, 'lbs', 1.75, '', '2021-02-19 15:34:05', '2021-02-19 15:34:05', 693),
(76, 155, 7.00, 'lbs', 1.69, '', '2021-02-19 15:34:05', '2021-02-19 15:34:05', 694),
(76, 1, 60.00, 'pcs', 0.50, '', '2021-02-19 15:34:05', '2021-02-19 15:34:05', 695),
(76, 56, 20.00, 'lbs', 0.80, '', '2021-02-19 15:34:05', '2021-02-19 15:34:05', 696),
(76, 2, 70.00, 'pcs', 0.50, '', '2021-02-19 15:34:05', '2021-02-19 15:34:05', 697),
(76, 147, 6.00, 'lbs', 1.10, '', '2021-02-19 15:34:05', '2021-02-19 15:34:05', 698),
(76, 57, 10.00, 'lbs', 5.00, '', '2021-02-19 15:34:05', '2021-02-19 15:34:05', 699),
(76, 32, 4.00, 'lbs', 0.75, '', '2021-02-19 15:34:05', '2021-02-19 15:34:05', 700),
(76, 135, 3.00, 'bunches', 0.00, '', '2021-02-19 15:36:52', '2021-02-19 15:36:52', 701),
(76, 112, 1.00, 'bottles', 19.99, '', '2021-02-19 15:36:52', '2021-02-19 15:36:52', 702),
(76, 87, 4.00, 'bunches', 1.20, '', '2021-02-19 15:36:52', '2021-02-19 15:36:52', 703),
(76, 192, 1.00, 'bottles', 7.99, '', '2021-02-19 15:38:26', '2021-02-19 15:38:26', 704),
(76, 193, 1.00, 'bottles', 8.99, '', '2021-02-19 15:38:26', '2021-02-19 15:38:26', 705),
(76, 191, 6.00, 'bunches', 4.00, '', '2021-02-19 15:38:26', '2021-02-19 15:38:26', 706),
(76, 34, 20.00, 'pcs', 0.50, '', '2021-02-19 15:38:26', '2021-02-19 15:38:26', 707),
(76, 100, 5.00, 'pcs', 0.50, '', '2021-02-19 15:38:26', '2021-02-19 15:38:26', 708),
(76, 169, 20.00, 'pcs', 0.70, '', '2021-02-19 15:38:26', '2021-02-19 15:38:26', 709),
(76, 40, 5.00, 'pcs', 1.00, '', '2021-02-19 15:38:26', '2021-02-19 15:38:26', 710),
(76, 124, 24.00, 'cans', 0.00, '', '2021-02-19 15:38:26', '2021-02-19 15:38:26', 711),
(76, 19, 3.00, 'gallon', 7.00, '', '2021-02-19 15:38:26', '2021-02-19 15:38:26', 712),
(76, 194, 24.00, 'packets', 1.00, '', '2021-02-19 15:48:33', '2021-02-19 15:48:33', 714),
(77, 12, 2.00, 'lbs', 1.99, '', '2021-02-19 16:42:28', '2021-02-19 16:42:28', 715),
(77, 1, 30.00, 'pcs', 1.00, '', '2021-02-19 16:42:28', '2021-02-19 16:42:28', 716),
(77, 134, 3.00, 'lbs', 4.50, '', '2021-02-19 16:42:28', '2021-02-19 16:42:28', 718),
(77, 131, 4.00, 'lbs', 9.99, '', '2021-02-19 16:42:28', '2021-02-19 16:42:28', 719),
(77, 114, 4.00, 'half gallon', 5.39, '', '2021-02-19 16:42:28', '2021-02-19 16:42:28', 720),
(77, 58, 1.00, 'gallons', 3.29, '', '2021-02-19 16:42:28', '2021-02-19 16:42:28', 721),
(77, 128, 1.00, 'big box', 5.00, '', '2021-02-19 16:42:28', '2021-02-19 16:42:28', 722),
(77, 29, 10.00, 'bundles', 0.39, '', '2021-02-19 16:43:37', '2021-02-19 16:43:37', 723),
(77, 2, 20.00, 'pcs', 0.50, '', '2021-02-19 16:43:37', '2021-02-19 16:43:37', 724),
(77, 65, 4.00, 'bunches', 0.80, '', '2021-02-19 16:43:37', '2021-02-19 16:43:37', 725),
(77, 195, 10.00, 'packets', 1.49, '', '2021-02-19 16:43:37', '2021-02-19 16:43:37', 726),
(77, 34, 25.00, 'pcs', 0.50, '', '2021-02-19 16:43:37', '2021-02-19 16:43:37', 727),
(77, 196, 45.00, 'lbs', 1.00, '', '2021-02-19 16:43:37', '2021-02-19 16:43:37', 728),
(77, 147, 8.00, 'lbs', 1.10, '', '2021-02-19 16:43:37', '2021-02-19 16:43:37', 729),
(77, 197, 25.00, 'lbs', 1.00, '', '2021-02-19 16:45:39', '2021-02-19 16:45:39', 730),
(78, 24, 5.00, 'packet', 0.00, '', '2021-02-19 16:50:31', '2021-02-19 16:50:31', 731),
(78, 22, 4.00, 'packet', 5.99, '', '2021-02-19 16:50:31', '2021-02-19 16:50:31', 732),
(78, 30, 300.00, 'gms', 0.00, '', '2021-02-19 16:50:31', '2021-02-19 16:50:31', 733),
(78, 92, 2.00, 'lbs', 0.00, '', '2021-02-19 16:50:31', '2021-02-19 16:50:31', 734),
(78, 27, 4.00, 'lbs', 1.25, '', '2021-02-19 16:50:31', '2021-02-19 16:50:31', 735),
(78, 26, 8.00, 'lbs', 1.25, '', '2021-02-19 16:50:31', '2021-02-19 16:50:31', 736),
(78, 47, 2.00, 'lbs', 1.25, '', '2021-02-19 16:50:31', '2021-02-19 16:50:31', 737),
(78, 132, 4.00, 'lbs', 19.00, '', '2021-02-19 16:50:31', '2021-02-19 16:50:31', 738),
(78, 23, 1.00, 'big bottle', 3.49, '', '2021-02-19 16:50:31', '2021-02-19 16:50:31', 739),
(78, 98, 2.00, 'gms', 0.00, '', '2021-02-19 16:50:31', '2021-02-19 16:50:31', 740),
(78, 145, 5.00, 'lbs', 0.50, '', '2021-02-19 16:50:31', '2021-02-19 16:50:31', 741),
(78, 143, 4.00, 'box', 1.49, '', '2021-02-19 16:53:36', '2021-02-19 16:53:36', 742),
(78, 119, 2.00, 'lbs', 1.79, '', '2021-02-19 16:55:32', '2021-02-19 16:55:32', 743),
(78, 198, 12.00, 'packets', 3.49, '', '2021-02-19 17:17:45', '2021-02-19 17:17:45', 744),
(76, 37, 4.00, 'box', 2.00, '', '2021-02-19 20:42:26', '2021-02-19 20:42:26', 745),
(79, 29, 12.00, 'bundles', 0.39, '', '2021-02-19 20:53:27', '2021-02-19 20:53:27', 746),
(79, 24, 3.00, 'packet', 0.00, '', '2021-02-19 20:53:27', '2021-02-19 20:53:27', 747),
(79, 12, 2.00, 'packets', 1.99, '', '2021-02-19 20:53:27', '2021-02-19 20:53:27', 748);
INSERT INTO `recipe_detail` (`recipe_id`, `ingredient_id`, `qty`, `uom`, `price`, `det_comment`, `time_added`, `time_updated`, `det_id`) VALUES
(79, 11, 2.00, 'lbs', 0.50, '', '2021-02-19 20:53:27', '2021-02-19 20:53:27', 749),
(79, 1, 30.00, 'pcs', 1.00, '', '2021-02-19 20:53:27', '2021-02-19 20:53:27', 750),
(79, 2, 40.00, 'pcs', 0.50, '', '2021-02-19 20:53:27', '2021-02-19 20:53:27', 751),
(79, 22, 2.00, 'packet', 5.99, '', '2021-02-19 20:53:27', '2021-02-19 20:53:27', 752),
(79, 59, 25.00, 'pcs', 0.00, '', '2021-02-19 20:53:27', '2021-02-19 20:53:27', 753),
(79, 28, 25.00, 'pcs', 0.00, '', '2021-02-19 20:53:27', '2021-02-19 20:53:27', 754),
(79, 65, 4.00, 'bunches', 0.80, '', '2021-02-19 20:53:27', '2021-02-19 20:53:27', 755),
(79, 100, 15.00, 'pcs', 0.00, '', '2021-02-19 20:53:27', '2021-02-19 20:53:27', 756),
(79, 85, 10.00, 'lbs', 2.00, '', '2021-02-19 20:53:27', '2021-02-19 20:53:27', 757),
(79, 172, 5.00, 'lbs', 3.82, '', '2021-02-19 20:53:27', '2021-02-19 20:53:27', 758),
(79, 135, 7.00, 'bunches', 1.20, '', '2021-02-19 20:53:27', '2021-02-19 20:53:27', 759),
(79, 86, 10.00, 'lbs', 3.00, '', '2021-02-19 20:53:27', '2021-02-19 20:53:27', 760),
(79, 67, 15.00, 'lbs', 0.90, '', '2021-02-19 20:53:27', '2021-02-19 20:53:27', 761),
(79, 66, 2.00, 'lbs', 1.00, '', '2021-02-19 20:53:27', '2021-02-19 20:53:27', 762),
(79, 119, 2.00, 'packets', 1.79, '', '2021-02-19 20:53:27', '2021-02-19 20:53:27', 763),
(79, 73, 2.00, 'lbs', 1.00, '', '2021-02-19 20:53:27', '2021-02-19 20:53:27', 764),
(79, 61, 5.00, 'lbs', 5.99, '', '2021-02-19 20:53:27', '2021-02-19 20:53:27', 765),
(79, 131, 250.00, 'gms', 0.00, '', '2021-02-19 20:53:27', '2021-02-19 20:53:27', 766),
(79, 147, 8.00, 'lbs', 1.10, '', '2021-02-19 20:53:27', '2021-02-19 20:53:27', 767),
(79, 37, 2.00, 'box', 2.00, '', '2021-02-19 20:53:27', '2021-02-19 20:53:27', 768),
(79, 19, 7.00, 'box', 7.00, '', '2021-02-19 20:53:27', '2021-02-19 20:53:27', 769),
(79, 58, 1.00, 'cans', 3.29, '', '2021-02-19 20:53:27', '2021-02-19 20:53:27', 770),
(79, 18, 12.00, 'pcs', 2.99, '', '2021-02-19 20:53:27', '2021-02-19 20:53:27', 772),
(79, 99, 12.00, 'pcs', 0.70, '', '2021-02-19 20:53:27', '2021-02-19 20:53:27', 773),
(79, 87, 3.00, 'bunches', 1.20, '', '2021-02-19 20:53:27', '2021-02-19 20:53:27', 774),
(79, 202, 6.00, 'packets', 1.49, '', '2021-02-19 20:54:50', '2021-02-19 20:54:50', 775),
(79, 201, 1.00, 'big box', 0.00, '', '2021-02-19 20:54:50', '2021-02-19 20:54:50', 776),
(79, 200, 25.00, 'lbs', 1.10, '', '2021-02-19 20:54:50', '2021-02-19 20:54:50', 777),
(79, 199, 1.00, 'bottles', 0.00, '', '2021-02-19 20:54:50', '2021-02-19 20:54:50', 778),
(79, 112, 1.00, 'bottles', 20.00, '', '2021-02-19 20:54:50', '2021-02-19 20:54:50', 779),
(80, 29, 2.00, 'bundles', 0.39, '', '2021-02-19 21:09:37', '2021-02-19 21:09:37', 780),
(80, 24, 5.00, 'packet', 0.00, '', '2021-02-19 21:09:37', '2021-02-19 21:09:37', 781),
(80, 12, 2.00, 'packets', 1.99, '', '2021-02-19 21:09:37', '2021-02-19 21:09:37', 782),
(80, 11, 1.00, 'lbs', 0.50, '', '2021-02-19 21:09:37', '2021-02-19 21:09:37', 783),
(80, 1, 35.00, 'pcs', 1.00, '', '2021-02-19 21:09:37', '2021-02-19 21:09:37', 784),
(80, 2, 30.00, 'pcs', 0.50, '', '2021-02-19 21:09:37', '2021-02-19 21:09:37', 785),
(80, 22, 2.00, 'packet', 5.99, '', '2021-02-19 21:09:37', '2021-02-19 21:09:37', 786),
(80, 59, 20.00, 'pcs', 0.00, '', '2021-02-19 21:09:37', '2021-02-19 21:09:37', 787),
(80, 28, 20.00, 'pcs', 0.00, '', '2021-02-19 21:09:37', '2021-02-19 21:09:37', 788),
(80, 66, 4.00, 'lbs', 1.00, '', '2021-02-19 21:09:37', '2021-02-19 21:09:37', 789),
(80, 27, 4.00, 'lbs', 1.25, '', '2021-02-19 21:09:37', '2021-02-19 21:09:37', 790),
(80, 114, 1.00, 'gallon', 5.39, '', '2021-02-19 21:09:37', '2021-02-19 21:09:37', 791),
(80, 19, 4.00, 'box', 7.00, '', '2021-02-19 21:09:37', '2021-02-19 21:09:37', 792),
(80, 32, 20.00, 'lbs', 0.75, '', '2021-02-19 21:09:37', '2021-02-19 21:09:37', 793),
(80, 170, 10.00, 'packets', 1.00, '', '2021-02-19 21:09:37', '2021-02-19 21:09:37', 794),
(80, 205, 20.00, 'lbs', 1.00, '', '2021-02-19 21:10:53', '2021-02-19 21:10:53', 795),
(80, 204, 2.00, 'packets of 3', 0.00, '', '2021-02-19 21:10:53', '2021-02-19 21:10:53', 797),
(80, 203, 8.00, 'cans', 3.00, '', '2021-02-19 21:11:19', '2021-02-19 21:11:19', 798),
(76, 208, 2.00, 'packets', 2.75, '', '2021-02-19 21:17:38', '2021-02-19 21:17:38', 799),
(76, 207, 1.00, 'cans', 2.99, '', '2021-02-19 21:17:38', '2021-02-19 21:17:38', 800),
(82, 24, 3.00, 'packet', 0.00, '', '2021-02-25 12:30:03', '2021-02-25 12:30:03', 801),
(82, 12, 1.00, 'lbs', 1.99, '', '2021-02-25 12:30:03', '2021-02-25 12:30:03', 802),
(82, 1, 20.00, 'pcs', 1.00, '', '2021-02-25 12:30:03', '2021-02-25 12:30:03', 803),
(82, 66, 6.00, 'lbs', 1.00, '', '2021-02-25 12:30:03', '2021-02-25 12:30:03', 804),
(82, 25, 8.00, 'lbs', 1.25, '', '2021-02-25 12:30:03', '2021-02-25 12:30:03', 805),
(82, 32, 18.00, 'lbs', 1.99, '', '2021-02-25 12:30:03', '2021-02-25 12:30:03', 806),
(83, 29, 4.00, 'bundles', 0.39, '', '2021-02-25 12:43:00', '2021-02-25 12:43:00', 807),
(83, 12, 500.00, 'gms', 0.00, '', '2021-02-25 12:43:00', '2021-02-25 12:43:00', 808),
(83, 11, 2.00, 'pcs', 0.50, '', '2021-02-25 12:43:00', '2021-02-25 12:43:00', 809),
(83, 1, 25.00, 'pcs', 1.00, '', '2021-02-25 12:43:00', '2021-02-25 12:43:00', 810),
(83, 56, 20.00, 'lbs', 0.80, '', '2021-02-25 12:43:00', '2021-02-25 12:43:00', 811),
(83, 2, 40.00, 'pcs', 0.50, '', '2021-02-25 12:43:00', '2021-02-25 12:43:00', 812),
(83, 102, 400.00, 'gms', 0.03, '', '2021-02-25 12:43:00', '2021-02-25 12:43:00', 813),
(83, 107, 200.00, 'gms', 0.00, '', '2021-02-25 12:43:00', '2021-02-25 12:43:00', 814),
(83, 108, 500.00, 'gms', 0.00, '', '2021-02-25 12:43:00', '2021-02-25 12:43:00', 815),
(83, 156, 500.00, 'gms', 0.00, '', '2021-02-25 12:43:00', '2021-02-25 12:43:00', 816),
(83, 106, 4.00, 'lbs', 0.00, '', '2021-02-25 12:43:00', '2021-02-25 12:43:00', 817),
(83, 18, 0.00, '', 0.00, '', '2021-02-25 12:43:00', '2021-02-25 12:43:00', 818),
(0, 64, 0.00, '', 0.00, '', '2021-02-25 12:58:01', '2021-02-25 12:58:01', 819),
(0, 29, 0.00, '', 0.00, '', '2021-02-25 12:58:01', '2021-02-25 12:58:01', 820),
(0, 12, 0.00, '', 0.00, '', '2021-02-25 12:58:01', '2021-02-25 12:58:01', 821),
(0, 9, 0.00, '', 0.00, '', '2021-02-25 12:58:01', '2021-02-25 12:58:01', 822),
(0, 1, 0.00, '', 0.00, '', '2021-02-25 12:58:01', '2021-02-25 12:58:01', 823),
(0, 2, 0.00, '', 0.00, '', '2021-02-25 12:58:01', '2021-02-25 12:58:01', 824),
(0, 144, 0.00, '', 0.00, '', '2021-02-25 12:58:01', '2021-02-25 12:58:01', 825),
(0, 28, 0.00, '', 0.00, '', '2021-02-25 12:58:01', '2021-02-25 12:58:01', 826),
(0, 140, 0.00, '', 0.00, '', '2021-02-25 12:58:01', '2021-02-25 12:58:01', 827),
(0, 65, 0.00, '', 0.00, '', '2021-02-25 12:58:01', '2021-02-25 12:58:01', 828),
(0, 70, 0.00, '', 0.00, '', '2021-02-25 12:58:01', '2021-02-25 12:58:01', 829),
(0, 60, 0.00, '', 0.00, '', '2021-02-25 12:58:01', '2021-02-25 12:58:01', 830),
(0, 179, 0.00, '', 0.00, '', '2021-02-25 12:58:01', '2021-02-25 12:58:01', 831),
(0, 37, 0.00, '', 0.00, '', '2021-02-25 12:58:01', '2021-02-25 12:58:01', 832),
(0, 19, 0.00, '', 0.00, '', '2021-02-25 12:58:01', '2021-02-25 12:58:01', 833),
(0, 32, 0.00, '', 0.00, '', '2021-02-25 12:58:01', '2021-02-25 12:58:01', 834),
(0, 64, 0.00, '', 0.00, '', '2021-02-25 12:58:11', '2021-02-25 12:58:11', 835),
(0, 29, 0.00, '', 0.00, '', '2021-02-25 12:58:11', '2021-02-25 12:58:11', 836),
(0, 12, 0.00, '', 0.00, '', '2021-02-25 12:58:11', '2021-02-25 12:58:11', 837),
(0, 9, 0.00, '', 0.00, '', '2021-02-25 12:58:11', '2021-02-25 12:58:11', 838),
(0, 1, 0.00, '', 0.00, '', '2021-02-25 12:58:11', '2021-02-25 12:58:11', 839),
(0, 2, 0.00, '', 0.00, '', '2021-02-25 12:58:11', '2021-02-25 12:58:11', 840),
(0, 144, 0.00, '', 0.00, '', '2021-02-25 12:58:11', '2021-02-25 12:58:11', 841),
(0, 28, 0.00, '', 0.00, '', '2021-02-25 12:58:11', '2021-02-25 12:58:11', 842),
(0, 101, 0.00, '', 0.00, '', '2021-02-25 12:58:11', '2021-02-25 12:58:11', 843),
(0, 155, 0.00, '', 0.00, '', '2021-02-25 12:58:11', '2021-02-25 12:58:11', 844),
(0, 134, 0.00, '', 0.00, '', '2021-02-25 12:58:11', '2021-02-25 12:58:11', 845),
(0, 44, 0.00, '', 0.00, '', '2021-02-25 12:58:11', '2021-02-25 12:58:11', 846),
(0, 118, 0.00, '', 0.00, '', '2021-02-25 12:58:11', '2021-02-25 12:58:11', 847),
(0, 23, 0.00, '', 0.00, '', '2021-02-25 12:58:11', '2021-02-25 12:58:11', 848),
(0, 124, 0.00, '', 0.00, '', '2021-02-25 12:58:11', '2021-02-25 12:58:11', 849),
(0, 57, 0.00, '', 0.00, '', '2021-02-25 12:58:11', '2021-02-25 12:58:11', 850),
(85, 64, 1.00, 'bottles', 0.00, '', '2021-02-25 13:00:42', '2021-02-25 13:00:42', 851),
(85, 29, 6.00, 'bundles', 0.39, '', '2021-02-25 13:00:42', '2021-02-25 13:00:42', 852),
(85, 12, 4.00, 'lbs', 1.99, '', '2021-02-25 13:00:42', '2021-02-25 13:00:42', 853),
(85, 9, 2.00, 'bottles', 5.50, '', '2021-02-25 13:00:42', '2021-02-25 13:00:42', 854),
(85, 1, 25.00, 'pcs', 1.00, '', '2021-02-25 13:00:42', '2021-02-25 13:00:42', 855),
(85, 2, 80.00, 'pcs', 0.50, '', '2021-02-25 13:00:42', '2021-02-25 13:00:42', 856),
(85, 216, 200.00, 'gms', 0.00, '', '2021-02-25 13:00:42', '2021-02-25 13:00:42', 857),
(85, 140, 1.00, 'packets', 0.00, '', '2021-02-25 13:00:42', '2021-02-25 13:00:42', 858),
(85, 215, 200.00, 'gms', 0.00, '', '2021-02-25 13:00:42', '2021-02-25 13:00:42', 859),
(85, 70, 2.00, 'box', 0.00, '', '2021-02-25 13:00:42', '2021-02-25 13:00:42', 860),
(85, 37, 3.00, 'box', 0.00, '', '2021-02-25 13:00:42', '2021-02-25 13:00:42', 861),
(85, 60, 1.00, 'small bottles', 0.00, '', '2021-02-25 13:00:42', '2021-02-25 13:00:42', 862),
(85, 179, 1.00, 'bottles', 0.00, '', '2021-02-25 13:00:42', '2021-02-25 13:00:42', 863),
(85, 19, 1.00, 'box', 0.00, '', '2021-02-25 13:00:42', '2021-02-25 13:00:42', 864),
(85, 32, 15.00, 'lbs', 1.99, '', '2021-02-25 13:01:01', '2021-02-25 13:01:01', 865),
(85, 65, 4.00, 'bunches', 0.49, '', '2021-02-25 13:02:58', '2021-02-25 13:02:58', 866),
(85, 28, 20.00, 'pcs', 0.00, '', '2021-02-25 13:05:09', '2021-02-25 13:05:09', 867),
(85, 144, 10.00, 'gms', 0.00, '', '2021-02-25 13:06:14', '2021-02-25 13:06:14', 868),
(85, 69, 1.00, 'packets', 0.00, '', '2021-02-25 17:15:33', '2021-02-25 17:15:33', 869),
(0, 12, 0.00, '', 0.00, '', '2021-02-25 19:27:25', '2021-02-25 19:27:25', 870),
(0, 1, 0.00, '', 0.00, '', '2021-02-25 19:27:25', '2021-02-25 19:27:25', 871),
(0, 141, 0.00, '', 0.00, '', '2021-02-25 19:27:25', '2021-02-25 19:27:25', 872),
(0, 93, 0.00, '', 0.00, '', '2021-02-25 19:27:25', '2021-02-25 19:27:25', 873),
(0, 48, 0.00, '', 0.00, '', '2021-02-25 19:27:25', '2021-02-25 19:27:25', 874),
(0, 192, 0.00, '', 0.00, '', '2021-02-25 19:27:25', '2021-02-25 19:27:25', 875),
(0, 50, 0.00, '', 0.00, '', '2021-02-25 19:27:25', '2021-02-25 19:27:25', 876),
(0, 46, 0.00, '', 0.00, '', '2021-02-25 19:27:25', '2021-02-25 19:27:25', 877),
(0, 215, 0.00, '', 0.00, '', '2021-02-25 19:27:25', '2021-02-25 19:27:25', 878),
(0, 34, 0.00, '', 0.00, '', '2021-02-25 19:27:25', '2021-02-25 19:27:25', 879),
(0, 169, 0.00, '', 0.00, '', '2021-02-25 19:27:25', '2021-02-25 19:27:25', 880),
(0, 40, 0.00, '', 0.00, '', '2021-02-25 19:27:25', '2021-02-25 19:27:25', 881),
(0, 218, 0.00, '', 0.00, '', '2021-02-25 19:27:25', '2021-02-25 19:27:25', 882),
(0, 75, 0.00, '', 0.00, '', '2021-02-25 19:27:25', '2021-02-25 19:27:25', 883),
(0, 201, 0.00, '', 0.00, '', '2021-02-25 19:27:25', '2021-02-25 19:27:25', 884),
(0, 37, 0.00, '', 0.00, '', '2021-02-25 19:27:25', '2021-02-25 19:27:25', 885),
(0, 217, 0.00, '', 0.00, '', '2021-02-25 19:27:25', '2021-02-25 19:27:25', 886),
(0, 99, 0.00, '', 0.00, '', '2021-02-25 19:27:25', '2021-02-25 19:27:25', 887),
(0, 220, 0.00, '', 0.00, '', '2021-02-25 19:27:25', '2021-02-25 19:27:25', 888),
(0, 98, 0.00, '', 0.00, '', '2021-02-25 19:27:25', '2021-02-25 19:27:25', 889),
(0, 145, 0.00, '', 0.00, '', '2021-02-25 19:27:25', '2021-02-25 19:27:25', 890),
(0, 219, 0.00, '', 0.00, '', '2021-02-25 19:27:25', '2021-02-25 19:27:25', 891),
(86, 12, 1.00, 'kgs', 1.99, '', '2021-02-25 19:28:05', '2021-02-25 19:28:05', 893),
(86, 75, 15.00, 'pcs', 0.00, '', '2021-02-25 19:28:05', '2021-02-25 19:28:05', 894),
(86, 48, 500.00, 'gms', 0.00, '', '2021-02-25 19:31:32', '2021-02-25 19:31:32', 895),
(86, 50, 1.00, 'packet', 0.00, '', '2021-02-25 19:31:32', '2021-02-25 19:31:32', 896),
(86, 227, 6.00, 'packets', 2.99, '', '2021-02-25 19:31:32', '2021-02-25 19:31:32', 897),
(86, 228, 6.00, 'packets', 2.99, '', '2021-02-25 19:31:32', '2021-02-25 19:31:32', 898),
(86, 34, 20.00, 'pcs', 0.50, '', '2021-02-25 19:31:32', '2021-02-25 19:31:32', 899),
(86, 169, 15.00, 'pcs', 0.70, '', '2021-02-25 19:31:32', '2021-02-25 19:31:32', 900),
(86, 40, 10.00, 'pcs', 1.00, '', '2021-02-25 19:31:32', '2021-02-25 19:31:32', 901),
(86, 29, 20.00, 'bunches', 0.39, '', '2021-02-25 19:31:32', '2021-02-25 19:31:32', 902),
(86, 218, 7.00, 'bunches', 1.29, '', '2021-02-25 19:31:32', '2021-02-25 19:31:32', 903),
(86, 37, 7.00, 'box', 2.00, '', '2021-02-25 19:31:32', '2021-02-25 19:31:32', 904),
(86, 217, 12.00, 'lbs', 1.50, '', '2021-02-25 19:31:32', '2021-02-25 19:31:32', 905),
(86, 99, 10.00, 'pcs', 0.70, '', '2021-02-25 19:31:32', '2021-02-25 19:31:32', 906),
(86, 220, 1.00, 'bottles', 4.99, '', '2021-02-25 19:31:32', '2021-02-25 19:31:32', 908),
(86, 98, 10.00, 'gms', 0.00, '', '2021-02-25 19:31:32', '2021-02-25 19:31:32', 909),
(86, 93, 1.00, 'big packets', 0.00, '', '2021-02-25 19:32:09', '2021-02-25 19:32:09', 910),
(86, 223, 3.00, 'lbs', 2.69, '', '2021-02-25 19:32:50', '2021-02-25 19:32:50', 911),
(86, 219, 1.00, 'bottles', 2.59, '', '2021-02-25 19:33:14', '2021-02-25 19:33:14', 912),
(86, 145, 2.00, 'lbs', 0.50, '', '2021-02-25 19:34:09', '2021-02-25 19:34:09', 913),
(86, 18, 12.00, 'pcs', 0.30, '', '2021-02-25 19:36:19', '2021-02-25 19:36:19', 914),
(86, 224, 1.00, 'packets', 2.99, '', '2021-02-25 19:36:56', '2021-02-25 19:36:56', 915),
(86, 201, 1.00, 'big box', 3.99, '', '2021-02-25 19:37:20', '2021-02-25 19:37:20', 916),
(86, 1, 25.00, 'pcs', 1.00, '', '2021-02-25 19:37:47', '2021-02-25 19:37:47', 917),
(86, 46, 10.00, 'pcs', 0.50, '', '2021-02-25 19:38:12', '2021-02-25 19:38:12', 918),
(86, 192, 1.00, 'bottles', 8.39, '', '2021-02-25 19:38:47', '2021-02-25 19:38:47', 919),
(86, 225, 1.00, 'bottles', 4.99, '', '2021-02-25 19:39:12', '2021-02-25 19:39:12', 920),
(86, 226, 1.00, 'bottles', 7.99, '', '2021-02-25 19:40:41', '2021-02-25 19:40:41', 922),
(86, 215, 1.00, 'bottles', 7.99, '', '2021-02-25 19:41:02', '2021-02-25 19:41:02', 923),
(86, 141, 100.50, 'gms', 0.00, '', '2021-02-25 19:42:03', '2021-02-25 19:42:03', 924),
(86, 87, 5.00, 'bunches', 1.20, '', '2021-02-25 19:42:58', '2021-02-25 19:42:58', 925),
(81, 29, 8.00, 'bundles', 0.39, '', '2021-02-26 21:00:42', '2021-02-26 21:00:42', 926),
(81, 24, 3.00, 'packet', 0.00, '', '2021-02-26 21:00:42', '2021-02-26 21:00:42', 927),
(81, 12, 2.00, 'lbs', 1.99, '', '2021-02-26 21:00:42', '2021-02-26 21:00:42', 928),
(81, 11, 2.00, 'lbs', 0.50, '', '2021-02-26 21:00:42', '2021-02-26 21:00:42', 929),
(81, 1, 40.00, 'pcs', 1.00, '', '2021-02-26 21:00:42', '2021-02-26 21:00:42', 930),
(81, 2, 40.00, 'pcs', 0.50, '', '2021-02-26 21:00:42', '2021-02-26 21:00:42', 931),
(81, 165, 100.00, 'gms', 0.00, '', '2021-02-26 21:00:42', '2021-02-26 21:00:42', 932),
(81, 65, 2.00, 'bunches', 0.49, '', '2021-02-26 21:00:42', '2021-02-26 21:00:42', 933),
(81, 27, 2.00, 'lbs', 1.25, '', '2021-02-26 21:00:42', '2021-02-26 21:00:42', 934),
(81, 26, 10.00, 'lbs', 1.25, '', '2021-02-26 21:00:42', '2021-02-26 21:00:42', 935),
(81, 47, 2.00, 'lbs', 1.25, '', '2021-02-26 21:00:42', '2021-02-26 21:00:42', 936),
(81, 134, 5.00, 'lbs', 4.50, '', '2021-02-26 21:00:42', '2021-02-26 21:00:42', 937),
(81, 131, 2.00, 'lbs', 9.99, '', '2021-02-26 21:00:42', '2021-02-26 21:00:42', 938),
(81, 132, 2.00, 'Coscto bottles', 19.00, '', '2021-02-26 21:00:42', '2021-02-26 21:00:42', 939),
(81, 32, 15.00, 'lbs', 1.99, '', '2021-02-26 21:00:42', '2021-02-26 21:00:42', 940),
(81, 231, 1.00, 'packets', 18.99, '', '2021-02-26 21:00:42', '2021-02-26 21:00:42', 941),
(81, 127, 3.00, 'lbs', 3.49, '', '2021-02-26 21:00:42', '2021-02-26 21:00:42', 943),
(81, 166, 3.00, 'bottles', 2.00, '', '2021-02-26 21:00:42', '2021-02-26 21:00:42', 944),
(81, 230, 15.00, 'lbs', 0.80, '', '2021-02-26 21:00:42', '2021-02-26 21:00:42', 945),
(81, 232, 2.00, 'lbs', 1.25, '', '2021-02-26 21:02:08', '2021-02-26 21:02:08', 946),
(81, 74, 10.00, 'lbs', 1.10, '', '2021-02-26 21:02:08', '2021-02-26 21:02:08', 947),
(81, 22, 3.00, 'packet', 5.99, '', '2021-02-26 21:05:47', '2021-02-26 21:05:47', 948),
(87, 24, 4.00, 'packets', 0.99, '', '2021-02-28 12:09:15', '2021-02-28 12:09:15', 949),
(87, 12, 3.00, 'lbs', 1.99, '', '2021-02-28 12:09:15', '2021-02-28 12:09:15', 950),
(87, 11, 2.00, 'lbs', 0.50, '', '2021-02-28 12:09:15', '2021-02-28 12:09:15', 951),
(87, 1, 35.00, 'pcs', 1.00, '', '2021-02-28 12:09:15', '2021-02-28 12:09:15', 952),
(87, 32, 15.00, 'lbs', 1.99, '', '2021-02-28 12:09:15', '2021-02-28 12:09:15', 953),
(87, 165, 200.00, 'gms', 0.09, '', '2021-02-28 12:09:15', '2021-02-28 12:09:15', 954),
(87, 92, 2.00, 'lbs', 0.00, '', '2021-02-28 12:09:15', '2021-02-28 12:09:15', 955),
(87, 50, 2.00, 'lbs', 0.00, '', '2021-02-28 12:09:15', '2021-02-28 12:09:15', 956),
(87, 108, 0.00, '', 0.00, '', '2021-02-28 12:09:15', '2021-02-28 12:09:15', 957),
(87, 188, 6.00, 'packets', 1.49, '', '2021-02-28 12:09:15', '2021-02-28 12:09:15', 958),
(87, 65, 15.00, 'bunches', 0.49, '', '2021-02-28 12:09:15', '2021-02-28 12:09:15', 959),
(87, 156, 4.00, 'lbs', 3.00, '', '2021-02-28 12:09:15', '2021-02-28 12:09:15', 960),
(87, 134, 5.00, 'lbs', 4.50, '', '2021-02-28 12:09:15', '2021-02-28 12:09:15', 961),
(87, 61, 15.00, 'lbs', 5.99, '', '2021-02-28 12:09:15', '2021-02-28 12:09:15', 962),
(87, 106, 4.00, 'lbs', 0.00, '', '2021-02-28 12:09:15', '2021-02-28 12:09:15', 963),
(87, 131, 15.00, 'lbs', 9.99, '', '2021-02-28 12:09:15', '2021-02-28 12:09:15', 964),
(87, 147, 10.00, 'lbs', 1.10, '', '2021-02-28 12:09:15', '2021-02-28 12:09:15', 965),
(87, 72, 7.00, 'big can', 8.10, '', '2021-02-28 12:09:15', '2021-02-28 12:09:15', 966),
(87, 186, 3.00, 'bottles', 8.99, '', '2021-02-28 12:09:15', '2021-02-28 12:09:15', 967),
(87, 76, 4.00, 'big cans', 0.00, '', '2021-02-28 12:09:15', '2021-02-28 12:09:15', 968),
(87, 128, 3.00, 'big packets', 11.49, '', '2021-02-28 12:09:15', '2021-02-28 12:09:15', 969),
(87, 99, 20.00, 'pcs', 1.00, '', '2021-02-28 12:09:15', '2021-02-28 12:09:15', 970),
(87, 166, 3.00, 'bottles', 2.00, '', '2021-02-28 12:09:15', '2021-02-28 12:09:15', 971),
(87, 230, 4.00, 'lbs', 0.00, '', '2021-02-28 12:09:15', '2021-02-28 12:09:15', 972),
(87, 29, 10.00, 'bundles', 0.39, '', '2021-02-28 12:10:19', '2021-02-28 12:10:19', 973),
(87, 217, 20.00, 'lbs', 1.50, '', '2021-02-28 12:10:19', '2021-02-28 12:10:19', 974),
(87, 101, 2.00, 'lbs', 0.00, '', '2021-02-28 12:11:22', '2021-02-28 12:11:22', 975),
(87, 154, 2.00, 'lbs', 0.00, '', '2021-02-28 12:11:22', '2021-02-28 12:11:22', 976),
(87, 233, 12.00, 'packets', 1.49, '', '2021-02-28 12:16:31', '2021-02-28 12:16:31', 977),
(87, 234, 12.00, 'packets', 2.49, '', '2021-02-28 12:17:50', '2021-02-28 12:17:50', 978),
(79, 32, 15.00, 'lbs', 1.00, '', '2021-03-02 09:04:01', '2021-03-02 09:04:01', 980),
(88, 24, 3.00, 'packets', 0.99, '', '2021-03-02 14:18:09', '2021-03-02 14:18:09', 981),
(88, 12, 2.00, 'lbs', 1.99, '', '2021-03-02 14:18:09', '2021-03-02 14:18:09', 982),
(88, 9, 1.00, 'bottles', 5.50, '', '2021-03-02 14:18:09', '2021-03-02 14:18:09', 983),
(88, 1, 20.00, 'pcs', 0.50, '', '2021-03-02 14:18:09', '2021-03-02 14:18:09', 984),
(88, 56, 5.00, 'lbs', 0.80, '', '2021-03-02 14:18:09', '2021-03-02 14:18:09', 985),
(88, 92, 200.00, 'gms', 0.00, '', '2021-03-02 14:18:09', '2021-03-02 14:18:09', 986),
(88, 140, 200.00, 'gms', 0.00, '', '2021-03-02 14:18:09', '2021-03-02 14:18:09', 987),
(88, 2, 17.00, 'pcs', 0.50, '', '2021-03-02 14:18:09', '2021-03-02 14:18:09', 988),
(88, 147, 2.00, 'packets', 1.10, '', '2021-03-02 14:18:09', '2021-03-02 14:18:09', 989),
(88, 146, 35.00, 'lbs', 1.65, '', '2021-03-02 14:18:22', '2021-03-02 14:18:22', 990),
(86, 67, 17.00, 'lbs', 0.90, '', '2021-03-02 14:23:10', '2021-03-02 14:23:10', 991),
(86, 88, 1.00, 'bottles', 0.00, '', '2021-03-02 14:23:10', '2021-03-02 14:23:10', 992),
(86, 235, 1.00, 'bottles', 0.00, '', '2021-03-02 14:23:53', '2021-03-02 14:23:53', 993),
(79, 10, 45.00, 'cups', 0.50, '', '2021-03-04 00:24:20', '2021-03-04 00:24:20', 994),
(89, 22, 1.00, 'packets', 5.99, '', '2021-03-06 11:56:03', '2021-03-06 11:56:03', 995),
(89, 24, 2.00, 'packets', 0.99, '', '2021-03-06 11:56:03', '2021-03-06 11:56:03', 996),
(89, 12, 1.00, 'lbs', 1.99, '', '2021-03-06 11:56:03', '2021-03-06 11:56:03', 997),
(89, 11, 1.00, 'lb', 2.00, '', '2021-03-06 11:56:03', '2021-03-06 11:56:03', 998),
(89, 1, 20.00, 'pcs', 0.50, '', '2021-03-06 11:56:03', '2021-03-06 11:56:03', 999),
(89, 32, 12.00, 'lbs', 1.00, '', '2021-03-06 11:56:03', '2021-03-06 11:56:03', 1000),
(89, 59, 12.00, 'pcs', 0.00, '', '2021-03-06 11:56:03', '2021-03-06 11:56:03', 1001),
(89, 28, 12.00, 'pcs', 0.00, '', '2021-03-06 11:56:03', '2021-03-06 11:56:03', 1002),
(89, 66, 4.00, 'lbs', 1.00, '', '2021-03-06 11:56:03', '2021-03-06 11:56:03', 1003),
(89, 142, 10.00, 'lbs', 1.25, '', '2021-03-06 11:56:03', '2021-03-06 11:56:03', 1004),
(90, 30, 2.00, 'lb', 0.00, '', '2021-03-06 12:07:34', '2021-03-06 12:07:34', 1005),
(90, 34, 10.00, 'pcs', 0.50, '', '2021-03-06 12:07:34', '2021-03-06 12:07:34', 1006),
(90, 169, 10.00, 'pcs', 0.70, '', '2021-03-06 12:07:34', '2021-03-06 12:07:34', 1007),
(90, 40, 10.00, 'pcs', 1.00, '', '2021-03-06 12:07:34', '2021-03-06 12:07:34', 1008),
(90, 33, 40.00, 'bunches', 1.19, '', '2021-03-06 12:07:34', '2021-03-06 12:07:34', 1009),
(90, 86, 8.00, 'big box', 0.00, '', '2021-03-06 12:07:34', '2021-03-06 12:07:34', 1010),
(90, 136, 4.00, 'big can', 7.39, '', '2021-03-06 12:07:34', '2021-03-06 12:07:34', 1011),
(90, 116, 4.00, 'bottles', 1.79, '', '2021-03-06 12:07:34', '2021-03-06 12:07:34', 1012),
(90, 114, 10.00, 'box', 5.39, '', '2021-03-06 12:07:34', '2021-03-06 12:07:34', 1013),
(90, 58, 2.00, 'cans', 3.29, '', '2021-03-06 12:07:34', '2021-03-06 12:07:34', 1014),
(90, 18, 36.00, 'pcs', 0.30, '', '2021-03-06 12:07:34', '2021-03-06 12:07:34', 1015),
(90, 171, 3.00, 'packets', 2.24, '', '2021-03-06 12:07:34', '2021-03-06 12:07:34', 1016),
(90, 236, 5.00, 'big can', 7.99, '', '2021-03-06 12:07:34', '2021-03-06 12:07:34', 1017),
(90, 145, 10.00, 'lbs', 0.50, '', '2021-03-06 12:07:34', '2021-03-06 12:07:34', 1018),
(90, 238, 18.00, 'lbs', 1.00, '', '2021-03-06 12:10:41', '2021-03-06 12:10:41', 1019),
(90, 237, 25.00, 'packets', 4.49, '', '2021-03-06 12:11:41', '2021-03-06 12:11:41', 1020),
(91, 29, 8.00, 'bundles', 0.39, '', '2021-03-06 12:17:41', '2021-03-06 12:17:41', 1021),
(91, 24, 3.00, 'packets', 0.99, '', '2021-03-06 12:17:41', '2021-03-06 12:17:41', 1022),
(91, 12, 1.00, 'lbs', 1.99, '', '2021-03-06 12:17:41', '2021-03-06 12:17:41', 1023),
(91, 9, 2.00, 'bottles', 5.50, '', '2021-03-06 12:17:41', '2021-03-06 12:17:41', 1024),
(91, 1, 30.00, 'pcs', 0.50, '', '2021-03-06 12:17:41', '2021-03-06 12:17:41', 1025),
(91, 2, 25.00, 'pcs', 0.50, '', '2021-03-06 12:17:41', '2021-03-06 12:17:41', 1026),
(91, 28, 20.00, 'pcs', 0.00, '', '2021-03-06 12:17:41', '2021-03-06 12:17:41', 1027),
(91, 48, 1.00, 'packet', 0.00, '', '2021-03-06 12:17:41', '2021-03-06 12:17:41', 1028),
(91, 50, 1.00, 'packet', 3.50, '', '2021-03-06 12:17:41', '2021-03-06 12:17:41', 1029),
(91, 27, 6.00, 'lbs', 1.25, '', '2021-03-06 12:17:41', '2021-03-06 12:17:41', 1030),
(91, 26, 10.00, 'lbs', 0.00, '', '2021-03-06 12:17:41', '2021-03-06 12:17:41', 1031),
(91, 47, 6.00, 'lbs', 1.25, '', '2021-03-06 12:17:41', '2021-03-06 12:17:41', 1032),
(92, 29, 4.00, 'bundles', 0.39, '', '2021-03-06 12:23:09', '2021-03-06 12:23:09', 1033),
(92, 12, 1.00, 'lbs', 1.99, '', '2021-03-06 12:23:09', '2021-03-06 12:23:09', 1034),
(92, 1, 30.00, 'pcs', 0.50, '', '2021-03-06 12:23:09', '2021-03-06 12:23:09', 1035),
(92, 56, 15.00, 'lbs', 0.80, '', '2021-03-06 12:23:09', '2021-03-06 12:23:09', 1036),
(92, 2, 35.00, 'pcs', 0.50, '', '2021-03-06 12:23:09', '2021-03-06 12:23:09', 1037),
(92, 69, 1.00, 'packets', 1.49, '', '2021-03-06 12:23:09', '2021-03-06 12:23:09', 1038),
(92, 34, 10.00, 'pcs', 0.50, '', '2021-03-06 12:23:09', '2021-03-06 12:23:09', 1039),
(92, 62, 4.00, 'pcs', 1.29, '', '2021-03-06 12:23:09', '2021-03-06 12:23:09', 1040),
(92, 37, 4.00, 'box', 2.00, '', '2021-03-06 12:23:09', '2021-03-06 12:23:09', 1041),
(92, 42, 10.00, 'lbs', 0.69, '', '2021-03-06 12:23:09', '2021-03-06 12:23:09', 1042),
(92, 179, 1.00, 'bottles', 2.19, '', '2021-03-06 12:23:09', '2021-03-06 12:23:09', 1043),
(92, 239, 2.00, 'packets', 0.00, '', '2021-03-06 12:26:03', '2021-03-06 12:26:03', 1044),
(93, 74, 10.00, 'lbs', 1.10, '', '2021-03-06 12:31:58', '2021-03-06 12:31:58', 1045),
(93, 22, 6.00, 'packets', 5.99, '', '2021-03-06 12:36:25', '2021-03-06 12:36:25', 1046),
(93, 24, 5.00, 'packets', 0.99, '', '2021-03-06 12:36:25', '2021-03-06 12:36:25', 1047),
(93, 12, 1.00, 'lbs', 1.99, '', '2021-03-06 12:36:25', '2021-03-06 12:36:25', 1048),
(93, 9, 2.00, 'bottles', 5.50, '', '2021-03-06 12:36:25', '2021-03-06 12:36:25', 1049),
(93, 1, 30.00, 'pcs', 0.50, '', '2021-03-06 12:36:25', '2021-03-06 12:36:25', 1050),
(93, 2, 30.00, 'pcs', 0.50, '', '2021-03-06 12:36:25', '2021-03-06 12:36:25', 1051),
(93, 138, 6.00, 'box', 1.49, '', '2021-03-06 12:36:25', '2021-03-06 12:36:25', 1052),
(93, 149, 220.00, 'pcs', 0.22, '', '2021-03-06 12:36:25', '2021-03-06 12:36:25', 1053),
(93, 126, 2.00, 'lbs', 3.70, '', '2021-03-06 12:36:25', '2021-03-06 12:36:25', 1054),
(93, 184, 6.00, 'lbs', 0.00, '', '2021-03-06 12:36:25', '2021-03-06 12:36:25', 1055),
(93, 156, 1.00, 'lbs', 0.00, '', '2021-03-06 12:36:25', '2021-03-06 12:36:25', 1056),
(93, 123, 4.00, 'lbs', 1.00, '', '2021-03-06 12:36:25', '2021-03-06 12:36:25', 1057),
(93, 70, 3.00, 'lbs', 3.00, '', '2021-03-06 12:36:25', '2021-03-06 12:36:25', 1058),
(93, 106, 3.00, 'lb', 0.00, '', '2021-03-06 12:36:25', '2021-03-06 12:36:25', 1059),
(93, 131, 1.00, 'lbs', 9.99, '', '2021-03-06 12:36:25', '2021-03-06 12:36:25', 1060),
(93, 132, 3.50, 'lbs', 19.00, '', '2021-03-06 12:36:25', '2021-03-06 12:36:25', 1061),
(93, 72, 1.00, 'big can', 8.10, '', '2021-03-06 12:36:25', '2021-03-06 12:36:25', 1062),
(93, 186, 2.00, 'bottles', 8.99, '', '2021-03-06 12:36:25', '2021-03-06 12:36:25', 1063),
(93, 23, 1.00, 'big tin', 3.49, '', '2021-03-06 12:36:25', '2021-03-06 12:36:25', 1064),
(93, 128, 1.00, 'box', 17.99, '', '2021-03-06 12:36:25', '2021-03-06 12:36:25', 1065),
(93, 130, 8.00, 'lbs', 1.80, '', '2021-03-06 12:36:25', '2021-03-06 12:36:25', 1066),
(93, 125, 8.00, 'packets', 2.24, '', '2021-03-06 12:36:25', '2021-03-06 12:36:25', 1067),
(93, 127, 1.00, 'lbs', 3.49, '', '2021-03-06 12:36:25', '2021-03-06 12:36:25', 1068),
(93, 108, 1.00, 'lbs', 0.00, '', '2021-03-06 12:42:06', '2021-03-06 12:42:06', 1069),
(93, 240, 4.00, 'packets', 5.00, '', '2021-03-06 12:43:39', '2021-03-06 12:43:39', 1070),
(94, 29, 15.00, 'bundles', 0.39, '', '2021-03-07 17:15:22', '2021-03-07 17:15:22', 1071),
(94, 24, 5.00, 'packets', 0.99, '', '2021-03-07 17:15:22', '2021-03-07 17:15:22', 1072),
(94, 12, 2.00, 'kgs', 1.99, '', '2021-03-07 17:15:22', '2021-03-07 17:15:22', 1073),
(94, 11, 2.00, 'lbs', 0.50, '', '2021-03-07 17:15:22', '2021-03-07 17:15:22', 1074),
(94, 75, 10.00, 'pcs', 0.00, '', '2021-03-07 17:15:22', '2021-03-07 17:15:22', 1075),
(94, 1, 50.00, 'pcs', 0.50, '', '2021-03-07 17:15:22', '2021-03-07 17:15:22', 1076),
(94, 2, 80.00, 'pcs', 0.50, '', '2021-03-07 17:15:22', '2021-03-07 17:15:22', 1077),
(94, 30, 300.00, 'gms', 0.00, '', '2021-03-07 17:15:22', '2021-03-07 17:15:22', 1078),
(94, 48, 500.00, 'gms', 0.00, '', '2021-03-07 17:15:22', '2021-03-07 17:15:22', 1079),
(94, 148, 80.00, 'pcs', 0.00, '', '2021-03-07 17:15:22', '2021-03-07 17:15:22', 1080),
(94, 65, 6.00, 'bunches', 0.80, '', '2021-03-07 17:15:22', '2021-03-07 17:15:22', 1081),
(94, 66, 4.00, 'lbs', 1.00, '', '2021-03-07 17:15:22', '2021-03-07 17:15:22', 1082),
(94, 26, 10.00, 'lbs', 1.25, '', '2021-03-07 17:15:22', '2021-03-07 17:15:22', 1083),
(94, 74, 2.00, 'lbs', 1.10, '', '2021-03-07 17:15:22', '2021-03-07 17:15:22', 1084),
(94, 134, 1.00, 'lbs', 4.50, '', '2021-03-07 17:15:22', '2021-03-07 17:15:22', 1085),
(94, 70, 6.00, 'lbs', 3.00, '', '2021-03-07 17:15:22', '2021-03-07 17:15:22', 1086),
(94, 131, 1.00, 'lbs', 9.99, '', '2021-03-07 17:15:22', '2021-03-07 17:15:22', 1087),
(94, 37, 1.00, 'lbs', 2.00, '', '2021-03-07 17:15:22', '2021-03-07 17:15:22', 1088),
(94, 132, 2.00, 'bottles', 19.00, '', '2021-03-07 17:15:22', '2021-03-07 17:15:22', 1089),
(94, 68, 2.00, 'kgs', 4.79, '', '2021-03-07 17:15:22', '2021-03-07 17:15:22', 1090),
(94, 76, 6.00, 'can', 7.49, '', '2021-03-07 17:15:22', '2021-03-07 17:15:22', 1091),
(94, 114, 1.00, 'box', 5.39, '', '2021-03-07 17:15:22', '2021-03-07 17:15:22', 1092),
(94, 19, 1.00, 'box', 7.00, '', '2021-03-07 17:15:22', '2021-03-07 17:15:22', 1093),
(94, 128, 4.00, 'lbs', 5.00, '', '2021-03-07 17:15:22', '2021-03-07 17:15:22', 1094),
(94, 145, 10.00, 'lbs', 0.50, '', '2021-03-07 17:15:22', '2021-03-07 17:15:22', 1095),
(94, 241, 8.00, 'sticks', 0.00, '', '2021-03-07 17:16:53', '2021-03-07 17:16:53', 1096),
(81, 66, 10.00, 'lbs', 1.00, '', '2021-03-21 20:08:08', '2021-03-21 20:08:08', 1097),
(97, 64, 0.00, '', 0.00, '', '2021-04-04 13:08:46', '2021-04-04 13:08:46', 1098),
(97, 24, 0.00, '', 0.00, '', '2021-04-04 13:08:46', '2021-04-04 13:08:46', 1099),
(97, 4, 0.00, '', 0.00, '', '2021-04-04 13:08:46', '2021-04-04 13:08:46', 1100),
(97, 9, 0.00, '', 0.00, '', '2021-04-04 13:08:46', '2021-04-04 13:08:46', 1101),
(97, 1, 0.00, '', 0.00, '', '2021-04-04 13:08:46', '2021-04-04 13:08:46', 1102),
(97, 2, 0.00, '', 0.00, '', '2021-04-04 13:08:46', '2021-04-04 13:08:46', 1103),
(97, 25, 0.00, '', 0.00, '', '2021-04-04 13:08:46', '2021-04-04 13:08:46', 1104),
(98, 29, 8.00, 'bundles', 0.39, '', '2021-04-04 13:13:16', '2021-04-04 13:13:16', 1105),
(98, 12, 4.00, 'lbs', 1.99, '', '2021-04-04 13:13:16', '2021-04-04 13:13:16', 1106),
(98, 11, 0.00, '', 0.00, '', '2021-04-04 13:13:16', '2021-04-04 13:13:16', 1107),
(98, 75, 15.00, 'pcs', 0.00, '', '2021-04-04 13:13:16', '2021-04-04 13:13:16', 1108),
(98, 1, 60.00, 'pcs', 0.50, '', '2021-04-04 13:13:16', '2021-04-04 13:13:16', 1109),
(98, 2, 60.00, 'pcs', 0.50, '', '2021-04-04 13:13:16', '2021-04-04 13:13:16', 1110),
(98, 143, 4.00, 'box', 1.49, '', '2021-04-04 13:13:16', '2021-04-04 13:13:16', 1111),
(98, 241, 8.00, 'pieces', 0.00, '', '2021-04-04 13:13:16', '2021-04-04 13:13:16', 1112),
(98, 148, 0.00, '', 0.00, '', '2021-04-04 13:13:16', '2021-04-04 13:13:16', 1113),
(98, 65, 4.00, 'bunches', 0.80, '', '2021-04-04 13:13:16', '2021-04-04 13:13:16', 1114),
(98, 66, 6.00, 'lbs', 1.00, '', '2021-04-04 13:13:16', '2021-04-04 13:13:16', 1115),
(98, 26, 8.00, 'lbs', 1.25, '', '2021-04-04 13:13:16', '2021-04-04 13:13:16', 1116),
(98, 74, 3.00, 'lbs', 1.10, '', '2021-04-04 13:13:16', '2021-04-04 13:13:16', 1117),
(98, 19, 3.00, 'gallon', 7.00, '', '2021-04-04 13:13:16', '2021-04-04 13:13:16', 1118),
(98, 145, 8.00, 'lbs', 0.50, '', '2021-04-04 13:13:16', '2021-04-04 13:13:16', 1119),
(0, 246, 13.00, 'lbs', 0.00, '', '2021-04-04 13:14:36', '2021-04-04 13:14:36', 1120),
(98, 246, 14.00, 'lbs', 3.99, '', '2021-04-04 13:14:49', '2021-04-04 13:14:49', 1121),
(99, 22, 2.00, 'packets', 5.99, '', '2021-04-04 13:21:13', '2021-04-04 13:21:13', 1122),
(99, 4, 0.00, '', 0.00, '', '2021-04-04 13:21:13', '2021-04-04 13:21:13', 1123),
(99, 9, 0.00, '', 0.00, '', '2021-04-04 13:21:13', '2021-04-04 13:21:13', 1124),
(99, 75, 0.00, '', 0.00, '', '2021-04-04 13:21:13', '2021-04-04 13:21:13', 1125),
(99, 1, 2.00, 'pcs', 0.50, '', '2021-04-04 13:21:13', '2021-04-04 13:21:13', 1126),
(99, 10, 1.00, 'cups', 0.20, '', '2021-04-04 13:21:13', '2021-04-04 13:21:13', 1127),
(99, 59, 0.00, '', 0.00, '', '2021-04-04 13:21:13', '2021-04-04 13:21:13', 1128),
(99, 65, 0.00, '', 0.00, '', '2021-04-04 13:21:13', '2021-04-04 13:21:13', 1129),
(99, 232, 1.00, 'lbs', 1.25, '', '2021-04-04 13:21:13', '2021-04-04 13:21:13', 1130),
(99, 27, 1.00, 'lbs', 1.25, '', '2021-04-04 13:21:13', '2021-04-04 13:21:13', 1131),
(99, 26, 1.00, 'lbs', 1.25, '', '2021-04-04 13:21:13', '2021-04-04 13:21:13', 1132),
(99, 47, 4.00, 'lbs', 1.25, '', '2021-04-04 13:21:13', '2021-04-04 13:21:13', 1133),
(99, 58, 1.00, 'gallon', 3.29, '', '2021-04-04 13:21:13', '2021-04-04 13:21:13', 1134),
(99, 51, 7.00, 'lbs', 3.00, '', '2021-04-04 13:21:34', '2021-04-04 13:21:34', 1135),
(100, 64, 0.00, '', 0.00, '', '2021-04-04 13:26:15', '2021-04-04 13:26:15', 1136),
(100, 29, 2.00, 'bundles', 0.39, '', '2021-04-04 13:26:15', '2021-04-04 13:26:15', 1137),
(100, 24, 0.00, '', 0.00, '', '2021-04-04 13:26:15', '2021-04-04 13:26:15', 1138),
(100, 12, 0.50, 'packet', 0.00, '', '2021-04-04 13:26:15', '2021-04-04 13:26:15', 1139),
(100, 1, 0.00, '', 0.00, '', '2021-04-04 13:26:15', '2021-04-04 13:26:15', 1140),
(100, 2, 0.00, '', 0.00, '', '2021-04-04 13:26:15', '2021-04-04 13:26:15', 1141),
(100, 32, 10.00, 'lbs', 1.00, '', '2021-04-04 13:26:15', '2021-04-04 13:26:15', 1142),
(100, 93, 0.00, '', 0.00, '', '2021-04-04 13:26:15', '2021-04-04 13:26:15', 1143),
(100, 50, 0.00, '', 0.00, '', '2021-04-04 13:26:15', '2021-04-04 13:26:15', 1144),
(100, 91, 0.00, '', 0.00, '', '2021-04-04 13:26:15', '2021-04-04 13:26:15', 1145),
(100, 66, 3.00, 'lbs', 1.00, '', '2021-04-04 13:26:15', '2021-04-04 13:26:15', 1146),
(100, 25, 0.00, '', 0.00, '', '2021-04-04 13:26:15', '2021-04-04 13:26:15', 1147),
(101, 24, 3.00, 'packets', 0.99, '', '2021-04-04 13:30:45', '2021-04-04 13:30:45', 1148),
(101, 12, 0.00, '', 0.00, '', '2021-04-04 13:30:45', '2021-04-04 13:30:45', 1149),
(101, 1, 30.00, 'pcs', 0.50, '', '2021-04-04 13:30:45', '2021-04-04 13:30:45', 1150),
(101, 59, 0.00, '', 0.00, '', '2021-04-04 13:30:45', '2021-04-04 13:30:45', 1151),
(101, 93, 0.00, '', 0.00, '', '2021-04-04 13:30:45', '2021-04-04 13:30:45', 1152),
(101, 34, 30.00, 'pcs', 0.50, '', '2021-04-04 13:30:45', '2021-04-04 13:30:45', 1153),
(101, 33, 8.00, 'bunches', 0.00, '', '2021-04-04 13:30:45', '2021-04-04 13:30:45', 1154),
(101, 19, 1.00, 'gallon', 7.00, '', '2021-04-04 13:30:45', '2021-04-04 13:30:45', 1155),
(102, 22, 2.00, 'packets', 5.99, '', '2021-04-04 13:38:46', '2021-04-04 13:38:46', 1156),
(102, 29, 8.00, 'bundles', 0.39, '', '2021-04-04 13:38:46', '2021-04-04 13:38:46', 1157),
(102, 12, 1.00, 'lbs', 1.99, '', '2021-04-04 13:38:46', '2021-04-04 13:38:46', 1158),
(102, 11, 0.00, '', 0.00, '', '2021-04-04 13:38:46', '2021-04-04 13:38:46', 1159),
(102, 1, 35.00, 'pcs', 0.50, '', '2021-04-04 13:38:46', '2021-04-04 13:38:46', 1160),
(102, 56, 10.00, 'lbs', 0.80, '', '2021-04-04 13:38:46', '2021-04-04 13:38:46', 1161),
(102, 2, 30.00, 'pcs', 0.50, '', '2021-04-04 13:38:46', '2021-04-04 13:38:46', 1162),
(102, 32, 12.00, 'lbs', 1.00, '', '2021-04-04 13:38:46', '2021-04-04 13:38:46', 1163),
(102, 28, 25.00, 'pcs', 0.00, '', '2021-04-04 13:38:46', '2021-04-04 13:38:46', 1164),
(102, 167, 1.00, 'lb', 0.00, '', '2021-04-04 13:38:46', '2021-04-04 13:38:46', 1165),
(102, 65, 2.00, 'bunches', 0.80, '', '2021-04-04 13:38:46', '2021-04-04 13:38:46', 1166),
(102, 126, 2.00, 'lbs', 3.70, '', '2021-04-04 13:38:46', '2021-04-04 13:38:46', 1167),
(102, 66, 2.00, 'lbs', 1.00, '', '2021-04-04 13:38:46', '2021-04-04 13:38:46', 1168),
(102, 74, 1.00, 'lbs', 1.10, '', '2021-04-04 13:38:46', '2021-04-04 13:38:46', 1169),
(102, 61, 4.00, 'lbs', 5.99, '', '2021-04-04 13:38:46', '2021-04-04 13:38:46', 1170),
(102, 186, 3.00, 'bottles', 8.99, '', '2021-04-04 13:38:46', '2021-04-04 13:38:46', 1171),
(102, 99, 6.00, 'pcs', 0.70, '', '2021-04-04 13:38:46', '2021-04-04 13:38:46', 1172),
(102, 127, 2.00, 'lbs', 3.49, '', '2021-04-04 13:38:46', '2021-04-04 13:38:46', 1173),
(102, 98, 2.00, 'gms', 1.00, '', '2021-04-04 13:38:46', '2021-04-04 13:38:46', 1174),
(102, 247, 15.00, 'lbs', 0.00, '', '2021-04-04 13:39:12', '2021-04-04 13:39:12', 1175),
(102, 131, 1.00, 'lbs', 9.99, '', '2021-04-04 13:39:12', '2021-04-04 13:39:12', 1176);

-- --------------------------------------------------------

--
-- Table structure for table `recipe_master`
--

CREATE TABLE `recipe_master` (
  `recipe_id` int(11) NOT NULL,
  `recipe_name` varchar(100) NOT NULL,
  `cook_name` varchar(30) NOT NULL,
  `date_cooked` date NOT NULL,
  `no_of_people` int(11) NOT NULL,
  `food_type` varchar(30) NOT NULL,
  `is_public` varchar(1) NOT NULL,
  `comments` varchar(300) NOT NULL,
  `time_added` datetime NOT NULL DEFAULT CURRENT_TIMESTAMP,
  `time_updated` datetime NOT NULL DEFAULT CURRENT_TIMESTAMP,
  `cook_id` int(11) NOT NULL
) ENGINE=InnoDB DEFAULT CHARSET=utf8mb4;

--
-- Dumping data for table `recipe_master`
--

INSERT INTO `recipe_master` (`recipe_id`, `recipe_name`, `cook_name`, `date_cooked`, `no_of_people`, `food_type`, `is_public`, `comments`, `time_added`, `time_updated`, `cook_id`) VALUES
(40, 'Masoor Dal Chawal', 'Rashida Badri', '2021-01-18', 70, '', '0', '', '2021-01-16 11:31:52', '2021-01-16 11:31:52', 5),
(41, 'Patra Gosht, Homemade Roti', 'Fakheraben Shahdawala', '2021-01-19', 70, '', '0', '', '2021-01-16 11:34:50', '2021-01-16 11:34:50', 6),
(42, 'Chicken Fried Rice, Soup', 'Insiya Ben Bohri', '2021-01-20', 70, '', '0', '', '2021-01-16 11:35:16', '2021-01-16 11:35:16', 8),
(43, 'Vegetable Jalfrezi, Homemade Roti', 'Munira Ben Ranijiwala', '2021-01-21', 70, '', '0', '', '2021-01-16 11:35:42', '2021-01-16 11:35:42', 9),
(44, 'Khitchdo, Afghani Naan', 'Ali bhai Ferozpurwala', '2021-01-22', 70, '', '0', '', '2021-01-16 11:36:06', '2021-01-16 11:36:06', 3),
(45, 'Dungareli Dal Gosht, Chawal', 'Fatema Ben Shahdawala', '2021-01-23', 70, '', '0', '', '2021-01-16 11:36:33', '2021-01-16 11:36:33', 4),
(46, 'Navratan Korma', 'Fatemaben Yamani', '2021-01-26', 70, '', '0', '', '2021-01-22 17:15:04', '2021-01-22 17:15:04', 22),
(47, 'Masoor Pulao with Kheema', 'Fakheraben Shahdawala', '2021-01-25', 70, '', '0', '', '2021-01-23 12:30:41', '2021-01-23 12:30:41', 6),
(48, 'Akni Pulao, Khurdi', 'Insiyahben Bohri', '2021-01-27', 70, '', '0', '', '2021-01-23 12:53:13', '2021-01-23 12:53:13', 8),
(49, '16mi raat menu', 'Munira Ben Ranijiwala', '2021-01-28', 70, '', '0', '', '2021-01-23 13:12:17', '2021-01-23 13:12:17', 9),
(50, 'Bhinda Tarkari', 'Fatemaben Pedhiwala', '2021-01-29', 70, '', '0', '', '2021-01-23 15:07:06', '2021-01-23 15:07:06', 23),
(51, 'BWA Shitabi Jaman', 'Fakheraben Shahdawala', '2021-01-30', 70, '', '0', '', '2021-01-23 15:22:02', '2021-01-23 15:22:02', 6),
(52, 'BWA Shitabi Kharaas', 'Insiya Ben Bohri', '2021-01-30', 70, '', '0', '', '2021-01-23 15:37:33', '2021-01-23 15:37:33', 8),
(53, 'BWA 2nd Shitabi Kharaas and Gol', 'Munira Ben Ranijiwala', '2021-01-30', 70, '', '0', '', '2021-01-24 11:01:27', '2021-01-24 11:01:27', 9),
(54, 'Kung Pao Chicken, Egg Fried Rice', 'Insiya Ben Bohri', '2021-02-12', 60, '', '0', '', '2021-01-30 20:27:00', '2021-01-30 20:27:00', 8),
(56, 'Bhajya Kadi, Khichri', 'Fakhera Ben Shahdawala', '2021-02-03', 70, '', '0', '', '2021-01-30 20:51:46', '2021-01-30 20:51:46', 6),
(57, 'Urus Jaman Malido, Chiken Keit, Mutton biryani Afgani Naan Dahibox', 'Fakheraben Shahdawala', '2021-02-04', 0, '', '0', '', '2021-01-30 20:52:46', '2021-01-30 20:52:46', 6),
(58, 'Veg Biryani, Soup', 'Munira Ben Ranijiwala', '2021-02-05', 0, '', '0', '', '2021-01-30 20:53:20', '2021-01-30 20:53:20', 9),
(59, 'Malvi Gosh, Naan', 'Fatema Ben Shahdawala', '2021-02-06', 70, '', '0', '', '2021-01-30 20:53:54', '2021-01-30 20:53:54', 4),
(60, 'Mung Pulao Kadhi Kheema n Rawo', 'Insiya Ben Bohri', '2021-02-01', 100, '', '0', '', '2021-01-31 16:17:50', '2021-01-31 16:17:50', 8),
(61, 'Daal Gosh, Veg Tarkari', 'Fakhera Ben Shahdawala', '2021-02-02', 100, '', '0', '', '2021-01-31 17:17:03', '2021-01-31 17:17:03', 6),
(62, 'Niyaz Sooji, Veg Tarkari, Kaari, Roti', 'Insiyahben Bohri', '2021-02-08', 0, '', '0', '', '2021-02-07 10:04:03', '2021-02-07 10:04:03', 8),
(63, 'Khichro Naan', 'Fakheraben Shahdawala', '2021-02-09', 0, '', '0', '', '2021-02-07 10:04:29', '2021-02-07 10:04:29', 6),
(64, 'Kheema Aaloo', 'Fatemaben Yamani', '2021-02-10', 0, '', '0', '', '2021-02-07 10:04:54', '2021-02-07 10:04:54', 22),
(65, 'Niyaz Pau Halvo, Chicken Korma, Daal Chawal Palidu', 'Munira Ben Ranijiwala', '2021-02-11', 0, '', '0', '', '2021-02-07 10:05:49', '2021-02-07 10:05:49', 9),
(66, 'Dungareli Dal Gosht, Chawal', 'Fatema Ben Shahdawala', '2021-02-13', 0, '', '0', '', '2021-02-07 10:55:53', '2021-02-07 10:55:53', 4),
(67, 'Niyaz Tomato Soup, Veg Pulao, Fruit Custard, gosh tarkari', 'Insiya Ben Bohri', '2021-02-14', 0, '', '0', '', '2021-02-13 12:44:19', '2021-02-13 12:44:19', 8),
(68, 'Masoor Dal Chawal', 'Insiyahben Bohri', '2021-02-15', 0, '', '0', '', '2021-02-13 13:41:31', '2021-02-13 13:41:31', 8),
(69, 'Green Chutney Chicken', 'Fatemaben Yamani', '2021-02-17', 0, '', '0', '', '2021-02-13 13:47:05', '2021-02-13 13:47:05', 22),
(70, 'Tostada, Soup', 'Fatemaben Pedhiwala', '2021-02-16', 0, '', '0', '', '2021-02-13 13:59:15', '2021-02-13 13:59:15', 23),
(71, 'Chicken Biryani', 'Fakheraben Shahdawala', '2021-02-18', 0, '', '0', '', '2021-02-15 07:28:27', '2021-02-15 07:28:27', 6),
(72, 'Aaloo Baigan Tarkari', 'Alifya Ben Ferozpurwala', '2021-02-19', 0, '', '0', '', '2021-02-15 07:32:26', '2021-02-15 07:32:26', 2),
(73, 'Haleem', 'Alibhai Ferozpurwala', '2021-02-20', 0, '', '0', '', '2021-02-15 07:40:13', '2021-02-15 07:40:13', 3),
(74, 'Chicken Tikka Rolls', 'Alifya Ben Ferozpurwala', '0000-00-00', 0, '', '0', '', '2021-02-19 15:00:20', '2021-02-19 15:00:20', 2),
(75, 'Nihari', 'Alibhai Ferozpurwala', '2021-02-22', 0, '', '0', '', '2021-02-19 15:00:56', '2021-02-19 15:00:56', 3),
(76, 'Niyaz Mix Veg, Green pulao, asparagus soup and orange souffle', 'Insiya Ben Bohri', '2021-02-27', 0, '', '0', '', '2021-02-19 15:31:29', '2021-02-19 15:31:29', 8),
(77, 'Niyaz Kharak Halvo, Bhindi, Yakni pulao', 'Fakheraben Shahdawala', '2021-02-23', 0, '', '0', '', '2021-02-19 16:38:12', '2021-02-19 16:38:12', 6),
(78, 'Niyaz Sun', 'Fakheraben Shahdawala', '2021-02-28', 0, '', '0', '', '2021-02-19 16:49:19', '2021-02-19 16:49:19', 6),
(79, 'Niyaz  Private Izzee Jaman', 'Munira Ben Ranijiwala', '2021-02-25', 0, '', '0', '', '2021-02-19 20:44:35', '2021-02-19 20:44:35', 9),
(80, 'Niyaz 16 mi raat', 'Munira Ben Ranijiwala', '2021-02-26', 0, '', '0', '', '2021-02-19 21:04:16', '2021-02-19 21:04:16', 9),
(81, 'MISSING Niyaz Urus Sydna Taher Saifuddin', 'Munira Ben Ranijiwala', '2021-03-01', 0, '', '0', '', '2021-02-25 12:23:41', '2021-02-25 12:23:41', 9),
(82, 'Masoor Pulao Kadhi', 'Fakheraben Shahdawala', '2021-03-02', 0, '', '0', '', '2021-02-25 12:24:12', '2021-02-25 12:24:12', 6),
(83, 'Anda Aalo', 'Insiyahben Bohri', '2021-03-03', 0, '', '0', '', '2021-02-25 12:41:06', '2021-02-25 12:41:06', 8),
(85, 'Chicken Tikka Masala', 'Fatema Ben Shahdawala', '0001-01-01', 0, '', '0', '', '2021-02-25 12:50:43', '2021-02-25 12:50:43', 4),
(86, 'Private Jaman Akberis', 'Insiyahben Bohri', '2021-03-06', 0, '', '0', '', '2021-02-25 13:10:04', '2021-02-25 13:10:04', 8),
(87, 'Private Jaman Johar', 'Munira Ben Ranijiwala', '2021-03-04', 0, '', '0', '', '2021-02-28 12:03:02', '2021-02-28 12:03:02', 9),
(88, 'Kheema Guvar Bateta', 'Fatema Ben Shahdawala', '2021-03-05', 0, '', '0', '', '2021-03-02 14:16:00', '2021-03-02 14:16:00', 4),
(89, 'Mung Pulao Kadhi', 'Munira Ben Ranijiwala', '2021-03-08', 0, '', '0', '', '2021-03-06 11:54:05', '2021-03-06 11:54:05', 9),
(90, 'Niyaz Mabas', 'Fakheraben Shahdawala', '2021-03-10', 0, '', '0', '', '2021-03-06 11:58:58', '2021-03-06 11:58:58', 6),
(91, 'Dal Gosh Chawal', 'Fatema Ben Shahdawala', '2021-03-11', 0, '', '0', '', '2021-03-06 12:13:27', '2021-03-06 12:13:27', 4),
(92, 'Pau Bhaji', 'Fatemaben Yamani', '2021-03-12', 0, '', '0', '', '2021-03-06 12:20:19', '2021-03-06 12:20:19', 22),
(93, 'Private Thali', 'Fakheraben Shahdawala', '2021-03-13', 0, '', '0', '', '2021-03-06 12:30:35', '2021-03-06 12:30:35', 6),
(94, 'Niyaz Lailatul Mairaj', 'Insiya Ben Bohri', '2021-03-09', 0, '', '0', '', '2021-03-07 17:10:40', '2021-03-07 17:10:40', 8),
(95, 'MISSING Lailatun Nisf Niyaz, Paneer Pineapple Souffle, Kotmir Chicken, Mini Naan, Keema Khitchri, To', 'Insiya Ben Bohri', '2021-03-27', 0, '', '0', '', '2021-04-04 13:06:24', '2021-04-04 13:06:24', 0),
(96, 'MISSING 16mi Darees Niyaz, Sooji Halwo, Chicken Pasta, Mutton Kaari, French Bread, Chawal', '', '2021-03-28', 0, '', '0', '', '2021-04-04 13:06:59', '2021-04-04 13:06:59', 0),
(97, 'Masoor Daal, Chawal', 'Alifya Ben Ferozpurwala', '2021-03-29', 0, '', '0', '', '2021-04-04 13:08:00', '2021-04-04 13:08:00', 0),
(98, 'Private Thaali, Strawberry & Cream, Gosht Tarkari, Afghani Naan, Daal Chawal, Palidu', 'Insiya Ben Bohri', '2021-03-30', 0, '', '0', '', '2021-04-04 13:10:22', '2021-04-04 13:10:22', 0),
(99, 'Khitchdo, Afghani Naan', 'Fatemaben Pedhiwala', '2021-03-31', 0, '', '0', '', '2021-04-04 13:18:39', '2021-04-04 13:18:39', 0),
(100, 'Kadhi, Wagherli Khitchdi', 'Fatemaben Pedhiwala', '2021-04-01', 0, '', '0', '', '2021-04-04 13:24:28', '2021-04-04 13:24:28', 0),
(101, 'Chicken Topping, Chawal', 'Fatemaben Yamani', '2021-04-02', 0, '', '0', '', '2021-04-04 13:28:26', '2021-04-04 13:28:26', 0),
(102, 'Maulatena Hurrutul Maleka Urus, Umme Ali, Gosht Tarkari, Chawal, Mini Naan, Chana Bateta', 'Munira Ben Ranijiwala', '2021-04-03', 0, '', '0', '', '2021-04-04 13:32:45', '2021-04-04 13:32:45', 0);

-- --------------------------------------------------------

--
-- Table structure for table `stores`
--

CREATE TABLE `stores` (
  `store_id` int(11) NOT NULL,
  `store_name` varchar(30) NOT NULL
) ENGINE=InnoDB DEFAULT CHARSET=utf8mb4;

--
-- Dumping data for table `stores`
--

INSERT INTO `stores` (`store_id`, `store_name`) VALUES
(1, 'Smart And Final'),
(2, 'Indian Store'),
(3, 'Coscto'),
(4, 'Resturant Depot'),
(5, 'Amazon'),
(6, 'Namaste Plaza'),
(7, 'Ranch Market'),
(8, 'Herat'),
(9, 'Personal');

-- --------------------------------------------------------

--
-- Table structure for table `user_crud`
--

CREATE TABLE `user_crud` (
  `id` int(11) NOT NULL,
  `username` varchar(30) NOT NULL,
  `firstname` varchar(30) NOT NULL,
  `lastname` varchar(30) NOT NULL,
  `password` varchar(100) NOT NULL,
  `address` varchar(100) NOT NULL,
  `phone` varchar(30) NOT NULL,
  `profile` varchar(20) NOT NULL,
  `abbrev` varchar(5) NOT NULL
) ENGINE=InnoDB DEFAULT CHARSET=utf8mb4;

--
-- Dumping data for table `user_crud`
--

INSERT INTO `user_crud` (`id`, `username`, `firstname`, `lastname`, `password`, `address`, `phone`, `profile`, `abbrev`) VALUES
(1, 'test48', 'test48', 'test48', 'test48', 'samcraig9@gmail.com', '65675644222', '', ''),
(2, 'aferozpurwala', 'Alefiyaben', 'Ferozpurwala', 'welcome', '', '', '', 'AF'),
(3, 'aliferozpurwala', 'Sk Alibhai', 'Ferozpurwala', 'welcome', '', '', '', 'SAF'),
(4, 'fashahdawala', 'Fatemaben ', 'Shahdawala', 'welcome', '', '', '', 'FAS'),
(5, 'rbadri', 'Rashidaben', 'Badri', 'welcome', '', '', '', 'RB'),
(6, 'fshahdawala', 'Fakheraben', 'Shahdawala', 'welcome', '', '', '', 'FS'),
(8, 'ibohri', 'Insiyaben', 'Bohri', 'welcome', '', '', '', 'IB'),
(9, 'mranijiwala', 'Muniraben', 'Ranijiwala', 'welcome', '', '', '', 'MR'),
(17, 'murtazab', 'Murtaza', 'Bohri', 'mbohri987654', '', '', '', ''),
(20, 'saminap', 'Samina', 'Partapurwala', 'saminap987654', '', '', '', ''),
(21, 'musthusaini', 'Mustafa', 'Husaini', 'fmb515253', 'musthusaini@gmail.com', '5106028243', '', ''),
(22, 'fyamani', 'Fatemaben', 'Yamani', 'welcome', '', '', '', 'FY'),
(23, 'fpedhiwala', 'Fatemaben', 'Pedhiwala', 'welcome', '', '', '', 'FP');

--
-- Indexes for dumped tables
--

--
-- Indexes for table `categories`
--
ALTER TABLE `categories`
  ADD UNIQUE KEY `cat_id` (`cat_id`);

--
-- Indexes for table `ingredient_master`
--
ALTER TABLE `ingredient_master`
  ADD PRIMARY KEY (`ingredient_id`);

--
-- Indexes for table `recipe_detail`
--
ALTER TABLE `recipe_detail`
  ADD PRIMARY KEY (`det_id`);

--
-- Indexes for table `recipe_master`
--
ALTER TABLE `recipe_master`
  ADD PRIMARY KEY (`recipe_id`);

--
-- Indexes for table `stores`
--
ALTER TABLE `stores`
  ADD PRIMARY KEY (`store_id`);

--
-- Indexes for table `user_crud`
--
ALTER TABLE `user_crud`
  ADD PRIMARY KEY (`id`);

--
-- AUTO_INCREMENT for dumped tables
--

--
-- AUTO_INCREMENT for table `categories`
--
ALTER TABLE `categories`
  MODIFY `cat_id` int(11) NOT NULL AUTO_INCREMENT, AUTO_INCREMENT=13;

--
-- AUTO_INCREMENT for table `ingredient_master`
--
ALTER TABLE `ingredient_master`
  MODIFY `ingredient_id` int(11) NOT NULL AUTO_INCREMENT, AUTO_INCREMENT=248;

--
-- AUTO_INCREMENT for table `recipe_detail`
--
ALTER TABLE `recipe_detail`
  MODIFY `det_id` int(11) NOT NULL AUTO_INCREMENT, AUTO_INCREMENT=1177;

--
-- AUTO_INCREMENT for table `recipe_master`
--
ALTER TABLE `recipe_master`
  MODIFY `recipe_id` int(11) NOT NULL AUTO_INCREMENT, AUTO_INCREMENT=103;

--
-- AUTO_INCREMENT for table `stores`
--
ALTER TABLE `stores`
  MODIFY `store_id` int(11) NOT NULL AUTO_INCREMENT, AUTO_INCREMENT=10;

--
-- AUTO_INCREMENT for table `user_crud`
--
ALTER TABLE `user_crud`
  MODIFY `id` int(11) NOT NULL AUTO_INCREMENT, AUTO_INCREMENT=24;
COMMIT;

/*!40101 SET CHARACTER_SET_CLIENT=@OLD_CHARACTER_SET_CLIENT */;
/*!40101 SET CHARACTER_SET_RESULTS=@OLD_CHARACTER_SET_RESULTS */;
/*!40101 SET COLLATION_CONNECTION=@OLD_COLLATION_CONNECTION */;
